pdf_page,file,location_hint,original_text,corrected_text,term,action,confidence,notes
007,full,TAR in | 在国家卫生健康委员会的组织和领导下，《中国居民腾食指南 ( 2022 )) 5 版于 | 2022 年发布。 | 膳食,腾食,膳食,腾食,corrected,high,批量规则修正；逐条保留上下文。
007,full,地食物生产供应情况及人群生活实践，提出的食物选择和身体活动的指导意见。腾食 指南是健康教育和公共政策的基础性文件，是国家实施健康中国行动和推动国民,腾食,膳食,腾食,corrected,high,批量规则修正；逐条保留上下文。
007,full,的八条平衡膳食准则，推荐了解决方案和建议， 更加有实践指导意义。特定人群腾食指南是根据不同年龄阶段人群的生理特点及其腾 食营养素需要而制定的。特定人,腾食,膳食,腾食,corrected,high,批量规则修正；逐条保留上下文。
007,full,群的膳食指南是在 一般人群膳食指南的基础上形成建议和指导。 与《中国居民腾食指南 ( 2016 ) 》相比，新版指南增加了“高龄老年人”指导准,腾食,膳食,腾食,corrected,high,批量规则修正；逐条保留上下文。
007,full,膳食和合理运动，以保持良好健康生活状态，维持 | 适家体重，预防或碱少腾食相关慢性病的发生，从而提高我国居民整体健康素质。 | 《中国居民膳食指,腾食,膳食,腾食,corrected,high,批量规则修正；逐条保留上下文。
010,full,因素，因此应当培养清淡饮食习惯，推荐成年人每 天摄入食盐不超过 5g9、训调油 25~30g，避免过多动物性油脂和饱和脂肪酸的摄 入。过多摄入添加糖,训调,烹调,训调,corrected,medium,批量规则修正；逐条保留上下文。
011,full,生的食物，不食用野生动物。 食物制备生熟分开，储存得当。多人同桌，应使用公策公义、采用分餐或份餐等 2 卫生措施。勤俭节约是中华民族的文化传统，人,公策,公筷,公策,corrected,high,页图核对：准则八语境均为公筷；公勺搭配由 body_text_corrections 精确修正。
011,full,需购买，注 国 意适宜份量和萤索搭配，并主动提出健康诉求。 | 公策分餐，杜绝浪费 | ee a ee | Pay attention,公策,公筷,公策,corrected,high,页图核对：准则八语境均为公筷；公勺搭配由 body_text_corrections 精确修正。
012,full,) 备孕和孕期妇女膳食指南180 SEAHAM ( 二 ) 哺乳期妇女腾食指南 188 1177 二、婴幼儿喂养指南 pp 196 (一) 0~,腾食,膳食,腾食,corrected,high,批量规则修正；逐条保留上下文。
012,full,197 ( 二 ) 7~24 月龄婴幼儿喂养指南…… 227 三、儿童腾食指南 RN 246 (一 ) 学龄前儿童膳食指南 RN DAT ( 二),腾食,膳食,腾食,corrected,high,批量规则修正；逐条保留上下文。
012,full,enna26丰 (一) 一般老年人膳食指南 eet 265 五、素食人群腾食指南 cece 281 <!-- pdf-page:013 -->,腾食,膳食,腾食,corrected,high,批量规则修正；逐条保留上下文。
012,full,| 准则六“规律进餐，足量饮水pp 116 第二部分 一、孕妇、乳母腾食指南 pp 179 (一) 备孕和孕期妇女膳食指南180 SEAHAM,腾食,膳食,腾食,corrected,high,批量规则修正；逐条保留上下文。
015,full,"-% 规律进餐，足量饮水 za Sn Seek, ene = 公策分餐，杜绝浪费 ne <!-- pdf-page:016 -->",公策,公筷,公策,corrected,high,页图核对：准则八语境均为公筷；公勺搭配由 body_text_corrections 精确修正。
016,full,原理、我国居民膳食营 养素参考摄入量及科学研究成果而设计，指一段时间内，腾食组成中的食物种类和比 例可以最大限度地满足不同年龄、不同能量水平的健康人,腾食,膳食,腾食,corrected,high,批量规则修正；逐条保留上下文。
016,full,式的建议，健 康 /合理的膳食指导，以促进全民健康和慢性疾病预防。 平衡腾食模式 (balanced diet model) 是根据营养科学原理、我,腾食,膳食,腾食,corrected,high,批量规则修正；逐条保留上下文。
017,full,"i 周摄人25种以上，合理搭配一 三 = | 日三餐。成年人每天摄和人谷类 , B | 有 200-300g，其中全谷物和杂豆类 上",摄和,摄入,摄和,corrected,medium,批量规则修正；逐条保留上下文。
017,full,| 素、矿物质和膳食纤维损失而导致普养素摄人量失衡。研究证据表明 ，腾食不平衡、 分 | 全谷物减少与腾食相关慢性病发 生风险增加密切相关。坚,腾食,膳食,腾食,corrected,high,批量规则修正；逐条保留上下文。
017,full,‘ 人 人体正常生长发育及各种生理活 动的需要，提高机体免疫力，降 低腾食相关疾病的发生风险。 | | | 3 OG | | | 3 |,腾食,膳食,腾食,corrected,high,批量规则修正；逐条保留上下文。
017,full,。 | 合理搭配是指食物种类和重量在一日三餐中合理化分配。中国居民平衡腾食宝 塔用五层把食物多少表现出来，谷类为主是平衡腾食模式的重要特征。谷类食,腾食,膳食,腾食,corrected,high,批量规则修正；逐条保留上下文。
017,full,"以满足人体所需的能量及全部营养素。只有经 一 过合理搭配的多种食物组成的腾食,才能满足人体对能量和各种营养素 的需要。 | 合理搭配是指食物种类和",腾食,膳食,腾食,corrected,high,批量规则修正；逐条保留上下文。
017,full,体所需能量最经济和最重要的食物来源，也是 B 族维生 | 素、矿物质、腾食纤维和蛋白质的重要食物来源，在保障儿童生长发育、维持人体 | CUE,腾食,膳食,腾食,corrected,high,批量规则修正；逐条保留上下文。
017,full,理化分配。中国居民平衡腾食宝 塔用五层把食物多少表现出来，谷类为主是平衡腾食模式的重要特征。谷类食物含 有丰富的碳水化合物，是人体所需能量最经济和最,腾食,膳食,腾食,corrected,high,批量规则修正；逐条保留上下文。
017,full,致普养素摄人量失衡。研究证据表明 ，腾食不平衡、 分 | 全谷物减少与腾食相关慢性病发 生风险增加密切相关。坚持谷类 A | 为主，保证全谷物及,腾食,膳食,腾食,corrected,high,批量规则修正；逐条保留上下文。
017,full,"血管疾病、结直肠瘤竺 上 | 疾病的发生风险。 ‘a, | 平衡腾食应做到食物多样， i = | 平均每天摄入 12 种以上食物，每",腾食,膳食,腾食,corrected,high,批量规则修正；逐条保留上下文。
018,full,"、杂豆类及暮类食物。不同年龄的轻身体 x 活动水平人群每天或每周谷昔类报信量建议见表 1-1, ~ 表 1-1 不同人群谷苗类食物建议摄入量 食",报信,摄入,报信,corrected,medium,批量规则修正；逐条保留上下文。
018,full,ER. SRA e 关疾病的发生风险具有重要作用。莫类含有丰富的淀粉、腾食纤维，并含有维生素和 | ed 矿物质。因此，每天宜摄入一定量的全谷,腾食,膳食,腾食,corrected,high,批量规则修正；逐条保留上下文。
018,full,面相比，全谷物和杂豆可提供更多的 B 族维生素、 | =f 矿物质、腾食纤维等营养成分，对降低肥胖、2 ROR ROR DIVER. SRA e,腾食,膳食,腾食,corrected,high,批量规则修正；逐条保留上下文。
019,full,物多样，才有可能达到平衡腾食。按照日三餐分配食物品种 | 数，早餐至少摄和 3~5 种; 午餐摄和人 4-6 种; 晚餐 4-5 种; 加上零食,摄和,摄入,摄和,corrected,medium,批量规则修正；逐条保留上下文。
019,full,类为豪调油和盐。 i 如果用“数值”来形容食物多样，可以理解为平均每天摄和不同品种食物达到 12 种以上，每周达到 25 种以上(表 1-2 )，,摄和,摄入,摄和,corrected,medium,批量规则修正；逐条保留上下文。
019,full,腾食。按照日三餐分配食物品种 | 数，早餐至少摄和 3~5 种; 午餐摄和人 4-6 种; 晚餐 4-5 种; 加上零食 1-2 种。 L |,摄和,摄入,摄和,corrected,medium,批量规则修正；逐条保留上下文。
019,full,"2. AMS a 食物多样指一日三餐膳食的食物种类全、品样多，是平衡腾食的基础，应由五大 类食物组成: 第一类为谷募类，包括谷类 (GeO),",腾食,膳食,腾食,corrected,high,批量规则修正；逐条保留上下文。
019,full,g (—) 什么是食物多样和合理搭配 7 1. 平衡腾食模式 | 腾食模式是指长时间形成的饮食组成方式，包括膳食中各食物的品种、数量及其 1,腾食,膳食,腾食,corrected,high,批量规则修正；逐条保留上下文。
019,full,mitis g (—) 什么是食物多样和合理搭配 7 1. 平衡腾食模式 | 腾食模式是指长时间形成的饮食组成方式，包括膳食中各食物的品种,腾食,膳食,腾食,corrected,high,批量规则修正；逐条保留上下文。
019,full,我国居民膳食营养素参考摄人量及科学研究 ; 成果而设计，指一段时间内，腾食组成中的食物种类和比例可以最大限度地满足不同 ， 年龄、不同能量水平的,腾食,膳食,腾食,corrected,high,批量规则修正；逐条保留上下文。
019,full,计 12 25 | | 只有一日三餐的食物多样，才有可能达到平衡腾食。按照日三餐分配食物品种 | 数，早餐至少摄和 3~5 种; 午餐摄和,腾食,膳食,腾食,corrected,high,批量规则修正；逐条保留上下文。
019,full,食中的食物种关和比 例，才能满足个体的营养需要。 | a 。 合理腾食是在平衡草食的基础上，考虑到 Beant | 健康状况、地域资源、生活,腾食,膳食,腾食,corrected,high,批量规则修正；逐条保留上下文。
019,full,饮食组成方式，包括膳食中各食物的品种、数量及其 1 比例。 7 平衡腾食模式是根据营养科学原理、我国居民膳食营养素参考摄人量及科学研究 ; 成,腾食,膳食,腾食,corrected,high,批量规则修正；逐条保留上下文。
019,full,"不同品种食物达到 12 种以上，每周达到 25 种以上(表 1-2 )，豪调油和调味品不计算在内。 单位，种 7 ak, BX KEK 3 5",豪调,烹调,豪调,corrected,medium,批量规则修正；逐条保留上下文。
019,full,，包括畜、禽、鱼、蛋、奶; 第四类为大豆类和坚果; BRE | 五类为豪调油和盐。 i 如果用“数值”来形容食物多样，可以理解为平均每天摄和不同,豪调,烹调,豪调,corrected,medium,批量规则修正；逐条保留上下文。
020,full,2019 年。 平衡腾食宝塔很好地阑释了食物多样和合 理搭配的原则，按照腾食宝塔的塔式结构，由 oa 多到少地措配食物，可以很好地满足营养需 |,腾食,膳食,腾食,corrected,high,批量规则修正；逐条保留上下文。
020,full,资料来源:《 中国营养科学全书 (第 2 版))，2019 年。 平衡腾食宝塔很好地阑释了食物多样和合 理搭配的原则，按照腾食宝塔的塔式结构，由,腾食,膳食,腾食,corrected,high,批量规则修正；逐条保留上下文。
022,full,了大量B 重要举措，是新形势下保障粮食安全、改 | 族维生素、矿物质、腾食纤维和植物化 | 善居民膳食结构的积极探索，也是主粮消 学物。 |,腾食,膳食,腾食,corrected,high,批量规则修正；逐条保留上下文。
023,full,"RRY AA, i (一 ) SGT A AoE ETE | 平衡腾食能最大程度地满足人体正常生长发育、免疫力和生理功能需要,满足机 “第 体",腾食,膳食,腾食,corrected,high,批量规则修正；逐条保留上下文。
023,full,[ 关键事实 】 © 食物多样是实践平衡膳食的基础，食物多样、平衡腾食才能满足人体的营养 7 © 合理搭配是实现平衡膳食的关键，只有将各类,腾食,膳食,腾食,corrected,high,批量规则修正；逐条保留上下文。
024,full,量各不相同，多的每天需要上百克，少的仅几微克。不 同人群的膳食营养素参考报信量可查阅附录二。 食物多样才能保障膳食能量平衔。和蛋白质、脂肪和碳水化合,报信,摄入,报信,corrected,medium,批量规则修正；逐条保留上下文。
024,full,食物是蛋白质和脂肪的 良好来源。只有丰富食物种类，提高食物多样性，才能使腾食中的产能营养素达到理 | 想范围 (表 1-6). 表 1-6 中国成,腾食,膳食,腾食,corrected,high,批量规则修正；逐条保留上下文。
025,full,。 1. 膳食模式变化和食物消费变迁 E 随着我国社会经济的发展，居民腾食结构发生了较大的变化。中国统计年鉴(表 1-8 ) 和历次全国营养调查或,腾食,膳食,腾食,corrected,high,批量规则修正；逐条保留上下文。
025,full,同时，植物性食物特别是谷类食物的消费量 | 下降。谷类食物提供的能量占腾食总能量的比例从 1982 年的71.2% 下降到 2015一2017,腾食,膳食,腾食,corrected,high,批量规则修正；逐条保留上下文。
025,full,均衡营养，是免疫力保持活力、维持战斗能力的根本。 | (=) 我国居民腾食模式和营养状况变迁 “五谷为养，五果为助，五畜为益，五菜为充”食物多样的,腾食,膳食,腾食,corrected,high,批量规则修正；逐条保留上下文。
025,full,生存至关重要。人体内无数 eS ， 个细胞不断地进行新陈代谢，每日三餐腾食为其主要营养来源。没有哪种单一食物或 i 1 补品可以预防疾病并持续有,腾食,膳食,腾食,corrected,high,批量规则修正；逐条保留上下文。
027,full,"化趋势见表 1-11。过去的 40 年间，我国居民 会 每标准人日能量摄和人量呈下降趋势，但相对于身体活动状况,我国居民能量摄人量是 a |",摄和,摄入,摄和,corrected,medium,批量规则修正；逐条保留上下文。
027,full,食物与动物性食物供能比的变化趋势 fa | 般 我国成年人三大营养素摄和人状况的变化趋势见表 1-11。过去的 40 年间，我国居民 会 每标,摄和,摄入,摄和,corrected,medium,批量规则修正；逐条保留上下文。
028,full,305.8g，暮类 41.9g。与 8 1982 年相比，谷类食物的摄和人量下降了近 200gd，慕类下降了约 121g/d。城市居民和 农村居,摄和,摄入,摄和,corrected,medium,批量规则修正；逐条保留上下文。
028,full,了近 200gd，慕类下降了约 121g/d。城市居民和 农村居民谷匣类摄和人量都曼下降趋势 (图 1-3 )。 600 500 est 国医类 了,摄和,摄入,摄和,corrected,medium,批量规则修正；逐条保留上下文。
028,full,方健康腾食模式的代表。其特点是食物多样 、清淡少盐、蔬 菜水果、鱼虾水产摄和人量高、奶类豆类多等，并有较高的活动时间和运动水平。我国 福建广东等地也,摄和,摄入,摄和,corrected,medium,批量规则修正；逐条保留上下文。
028,full,. REERASLAWSAMKDIT J 从我国居民 1982 年至今腾食能量的食物来源变迁来看 (表 1-10 )，谷类食物仍然 Ho 是我国居,腾食,膳食,腾食,corrected,high,批量规则修正；逐条保留上下文。
028,full,".4 321.2 300.8 266.7 我国物产丰富,不同地区的腾食模式逐渐形成。对大部分省市而言 ，腾食结构均以 植物性食物为主，动物性食",腾食,膳食,腾食,corrected,high,批量规则修正；逐条保留上下文。
028,full,"66.7 我国物产丰富,不同地区的腾食模式逐渐形成。对大部分省市而言 ，腾食结构均以 植物性食物为主，动物性食物为辅，有的地区谷类食物消费量大，动物",腾食,膳食,腾食,corrected,high,批量规则修正；逐条保留上下文。
028,full,命方面表现出明显差 别。近年来，我国以浙江、上海、江苏等为代表的江南地区腾食，被认为是健康中国 膳食模式的代表，也是东方健康腾食模式的代表。其特点是,腾食,膳食,腾食,corrected,high,批量规则修正；逐条保留上下文。
028,full,物为辅，有的地区谷类食物消费量大，动物性食物消费量小。 研究表明，在传统腾食模式的演变过程中，不同地区的居民腾食结构逐渐分化，也逐渐 形成了优良膳食,腾食,膳食,腾食,corrected,high,批量规则修正；逐条保留上下文。
028,full,物性食物消费量小。 研究表明，在传统腾食模式的演变过程中，不同地区的居民腾食结构逐渐分化，也逐渐 形成了优良膳食模式;同时在慢性病的发病风险 、死亡,腾食,膳食,腾食,corrected,high,批量规则修正；逐条保留上下文。
028,full,物来源变迁来看 (表 1-10 )，谷类食物仍然 Ho 是我国居民主要的腾食能量来源，但是消费量呈逐年下降的趋势。根据 2015一2017 年 售。,腾食,膳食,腾食,corrected,high,批量规则修正；逐条保留上下文。
028,full,苏等为代表的江南地区腾食，被认为是健康中国 膳食模式的代表，也是东方健康腾食模式的代表。其特点是食物多样 、清淡少盐、蔬 菜水果、鱼虾水产摄和人量高,腾食,膳食,腾食,corrected,high,批量规则修正；逐条保留上下文。
028,full,配 > 表格候选：表 1-11 表 1-11 ”我国居民每标准人日腾食三大营养素平均报入量 IE 能量 /kcal 2 491.3 2 3,腾食,膳食,腾食,corrected,high,批量规则修正；逐条保留上下文。
029,full,"胚 | | FAG, SOFA ASAI], AK OBE) 主要由腾食纤维、B 族维生素、 | 矿物质和植物化学物组成。糊粉层〈 外胚层 )",腾食,膳食,腾食,corrected,high,批量规则修正；逐条保留上下文。
030,full,"属。 含量非常丰富;甘莫中的 B- 胡萝卜素含量比谷类高，还含有丰富的腾食纤维。 ie 4, ARE is 谷暮杂豆类食物是碳水化合物、蛋白质",腾食,膳食,腾食,corrected,high,批量规则修正；逐条保留上下文。
030,full,"营养与健康状况监测数据,我国居民谷车类及 BS 杂豆类食物提供的营养素对腾食的贡献率见图 1-6。 钊ER ] (ae ee 铁 DE aire",腾食,膳食,腾食,corrected,high,批量规则修正；逐条保留上下文。
031,full,人量较低， 蛋白质来源以植物性食物为主，但某些优质蛋白质、矿物质和维生素摄和不足，易增 | 加营养缺乏病患病风险。 动植物性食物结合型: 其腾食中,摄和,摄入,摄和,corrected,medium,批量规则修正；逐条保留上下文。
031,full,| or” - | 2 : (四 ) 膳食模式与健康关 腾食模式的形成受一个国家 或地区的人口、农业生产、食物 流通、食品加工、消费,腾食,膳食,腾食,corrected,high,批量规则修正；逐条保留上下文。
031,full,、奶及鱼虾年人均 消费量共计仅为 20-30kg。长期采用此型腾食模式，腾食蛋白质和脂肪的摄人量较低， 蛋白质来源以植物性食物为主，但某些优质蛋白质,腾食,膳食,腾食,corrected,high,批量规则修正；逐条保留上下文。
031,full,、蛋等量较 分 大，而年人均谷类消费量仅为 二四 50~70kg。其腾食营养组成特点为高能量、高重自质、高脂肪、低腾食纤维。长期以动 会 | 物,腾食,膳食,腾食,corrected,high,批量规则修正；逐条保留上下文。
031,full,二四 50~70kg。其腾食营养组成特点为高能量、高重自质、高脂肪、低腾食纤维。长期以动 会 | 物性食物为主的饮食，优点是富含蛋白质、矿物质、维,腾食,膳食,腾食,corrected,high,批量规则修正；逐条保留上下文。
031,full,区的饮食结构趋于此膳食模式。 除上述 3 种类型之外，还有一些各具特点的腾食模式，例如地中海膳食模式、 DASH 膳食等。地中海腾食模式由蔬菜、水果,腾食,膳食,腾食,corrected,high,批量规则修正；逐条保留上下文。
031,full,有一些各具特点的腾食模式，例如地中海膳食模式、 DASH 膳食等。地中海腾食模式由蔬菜、水果、海产品、五谷杂粮、坚果和橄槛油以及 少量的牛肉和乳制品,腾食,膳食,腾食,corrected,high,批量规则修正；逐条保留上下文。
031,full,海产品、五谷杂粮、坚果和橄槛油以及 少量的牛肉和乳制品、酒等组成，是以高腾食纤维、高维生素、低亿和脂肪酸为特点 | 的膳食结构。 | | 平衡,腾食,膳食,腾食,corrected,high,批量规则修正；逐条保留上下文。
031,full,物性食物构成比例适宜，优质蛋白质 约占膳食蛋白质的 50% 以上。这种腾食模式既可满足人体对各种营养素的需要，又可 | 预防慢性病，一些国家和地,腾食,膳食,腾食,corrected,high,批量规则修正；逐条保留上下文。
031,full,生长发育、繁衔孕育、长寿健康功能早已得到证实。 ， 现有平衡 /合理腾食与健康关系的国内外研究表明，遵循平衡 / 合理膳食模式还可 | 以显著,腾食,膳食,腾食,corrected,high,批量规则修正；逐条保留上下文。
031,full,"的发生风险。 | 植物性食物为主型; 常见于亚洲和部分非洲国家和地区。腾食组成以植物性食物 为主，动物性食物较少,年人均消费粮食多达 140~20",腾食,膳食,腾食,corrected,high,批量规则修正；逐条保留上下文。
031,full,素摄和不足，易增 | 加营养缺乏病患病风险。 动植物性食物结合型: 其腾食中植物性和动物性食物构成比例适宜，优质蛋白质 约占膳食蛋白质的 50%,腾食,膳食,腾食,corrected,high,批量规则修正；逐条保留上下文。
031,full,，而肉、蛋、奶及鱼虾年人均 消费量共计仅为 20-30kg。长期采用此型腾食模式，腾食蛋白质和脂肪的摄人量较低， 蛋白质来源以植物性食物为主，但某些,腾食,膳食,腾食,corrected,high,批量规则修正；逐条保留上下文。
032,full,增加摄入吾 iE PATROL i Ss 风险 只 忆 增加摄和可降低心血管疾病发 。16 条系统评价，1 项队列研究，1 项病例对照,摄和,摄入,摄和,corrected,medium,批量规则修正；逐条保留上下文。
032,full,式 ) 具有食 物多样化、以谷类食物为主、高膳食纤维摄人、低盐低糖低脂肪摄和的特点。平衡 /合 理膳食模式与人体健康关系的综合分析见表 1-12。,摄和,摄入,摄和,corrected,medium,批量规则修正；逐条保留上下文。
033,full,019 年一项纳入超过 4 万例成年人的系统综述结 | 果显示，地中海腾食模式为心血管系统疾病的保护因素。与得分最低组相比，得分最 高组人群心血管,腾食,膳食,腾食,corrected,high,批量规则修正；逐条保留上下文。
033,full,62 | | 40-69 岁人群的队列研究结果 “和 ao 显示，健康腾食恒式降低1 sy ER | ( 95%C1) 39 0.85 (0.7,腾食,膳食,腾食,corrected,high,批量规则修正；逐条保留上下文。
033,full,"价等级为B级。2019 年一项纳入 28 个研究的系统综述结果显示，健康腾食模式可 诺 降低 19% 结直肠痛风险, 其 gf RR(95% C1",腾食,膳食,腾食,corrected,high,批量规则修正；逐条保留上下文。
033,full,列研究的研究对象为中国人群 ) 进行综合评 | 价，结果显示平衡/合理腾食模式为心血管疾病的保护因素，综合评价等级为B 级。 2015 年一项纳入,腾食,膳食,腾食,corrected,high,批量规则修正；逐条保留上下文。
033,full,年一项纳入超过 30 万例 15 岁以上人群的系统综述结 果显示，健康腾食模式(富含蔬菜、水果、全谷物、橄槛油、鱼、大豆、家禽和低脂 | 乳制品,腾食,膳食,腾食,corrected,high,批量规则修正；逐条保留上下文。
033,full,"研究和 4 项病例对 到 照研究 ) 进行综合评价，结果显示平衡 /合理腾食模式是结直肠瘤的保护因素,综合 会 评价等级为B级。2019 年一项纳入",腾食,膳食,腾食,corrected,high,批量规则修正；逐条保留上下文。
033,full,级。 2015 年一项纳入超过 50 万例成年人的系统综述结果显示，健康腾食模式为心血管系 统疾病的保护因素。与得分最低组相比，最高组人群心血管疾病,腾食,膳食,腾食,corrected,high,批量规则修正；逐条保留上下文。
033,full,面研究、 | 1 项病例对照研究 ) 进行综合评价，结果显示平衡/合理腾食模式为高血压的保护因 | 素，综合评价等级为B级。2016 年一项纳入,腾食,膳食,腾食,corrected,high,批量规则修正；逐条保留上下文。
034,full,U 形关联，低碳水化合物 e ERA (<40% ) 和高碳水化合物摄和人 (>70% ) 都比中等摄人量具有更高的死亡风险。 多项研究都表,摄和,摄入,摄和,corrected,medium,批量规则修正；逐条保留上下文。
034,full,表明碳水化合物的摄入量与死亡率之间可能呈 了 形关系，提示碳水化合物 的摄和人量并非越低越好。 1.8 人 1.6 4 8 xe fi e,摄和,摄入,摄和,corrected,medium,批量规则修正；逐条保留上下文。
035,full,"7 0.88 (0.84, 0.92); 剂量 - 效应关系显示，全谷物摄和人每增加 30g/d，全因 死亡风险可降低8%，RR (95%CT) 为",摄和,摄入,摄和,corrected,medium,批量规则修正；逐条保留上下文。
035,full,e | 共纳入 2 篇文献作为主要证据。目前有充足的证据表明，增加全谷物摄和可降低 从 全因死亡风险、2 型精尿病和心也管疾病的发病风险，有助于维持,摄和,摄入,摄和,corrected,medium,批量规则修正；逐条保留上下文。
036,full,%CT) 为 0.74 (0.69，0.80 )。 《4 ) 增加全谷物摄和人可降低结直肠癌的发病风险 共对7篇文献(包括 5篇系统评价和 2 项队,摄和,摄入,摄和,corrected,medium,批量规则修正；逐条保留上下文。
036,full,"0.79 (0.72，0.86 )。剂量 -反应关 系显示，全谷物食品摄和人增加 90g/d，结肠瘤发病风险降低 17%, RR ( 95%C7",摄和,摄入,摄和,corrected,medium,批量规则修正；逐条保留上下文。
036,full,中国、印度、瑞典人群) 的系统评价显示，与 基线值或对照组相比，增加匡麦摄和人可明显降低总胆固醇 0.5mmolL ( 95%CT: -0.8~ |,摄和,摄入,摄和,corrected,medium,批量规则修正；逐条保留上下文。
036,full,人为主的队列研究和横断面研究 的 Meta 分析结 时 果表明，全谷物摄和人量>48g/d 的人群与摄人量 <8g/d 的人群相比，甚BMI降低,摄和,摄入,摄和,corrected,medium,批量规则修正；逐条保留上下文。
036,full,叉对照研究和2 项自身前后对照研究 ) 进行综合评价，结 果显示增加节麦摄和人可具有改善血脂异常的作用，综合评价等级为B 级。2016 年一 项纳入,摄和,摄入,摄和,corrected,medium,批量规则修正；逐条保留上下文。
036,full,研究的系统评价结果表明，增加全谷物摄 和与2型糖尿病存在非线性相关，每天摄和人全谷物食品2份 (相当于 60g ) 以上，可获 得较大的健康效益;,摄和,摄入,摄和,corrected,medium,批量规则修正；逐条保留上下文。
037,full,胖发生 部 风险的病例对照研究发现，肥胖与油炸暮片的摄入频率有关，增加报信油炸薯片的频 分 F 率，肥胖发生风险增加 14%，OR (95%CI,报信,摄入,报信,corrected,medium,批量规则修正；逐条保留上下文。
037,full,薯类与人体健康关系的综 | 合分析见表 1-12. (1 ) 增加暮类摄和人可降低便秘的发病风险 共对8篇文献[包括 7 项随机对照试验研究和 1,摄和,摄入,摄和,corrected,medium,批量规则修正；逐条保留上下文。
037,full,人体营养素摄入不足或缺乏。 Y 2. 合理膳食与免疫力 科学合理的营养腾食能有效改善营养状况、增强抵抗力，有助于新冠肺炎防控 与救治。中国营养学会,腾食,膳食,腾食,corrected,high,批量规则修正；逐条保留上下文。
037,full,外肠内营养学分会，针对新 lV 冠肺炎防控和救治特点，并根据《中国居民腾食指南》和国家卫生健康委员会 2020 年发布的《新型冠状病毒感染的肺炎诊,腾食,膳食,腾食,corrected,high,批量规则修正；逐条保留上下文。
038,full,6。因此，长期食用精白米和精白面对健 Bo 康不利，可造成维生素和矿物质摄和不足，甚至导致维生素钠乏病，如维生素 BH => 到可引起脚气病。所以大,摄和,摄入,摄和,corrected,medium,批量规则修正；逐条保留上下文。
038,full,胞属于非特异 性防御机制，这两种免疫功能密切关联。 维持免疫力须依靠合理腾食和多种营养素的联合作用，其中蛋白质扮演着核心角 色，是生命的物质基础。关,腾食,膳食,腾食,corrected,high,批量规则修正；逐条保留上下文。
038,full,"被 Bo 分离出去，仅留下淀粉含量高的胚乳部分，从而导致营养价值下降，腾食纤维损失严 英 。 重, B族维生素和矿物质的损失占 6096~8096",腾食,膳食,腾食,corrected,high,批量规则修正；逐条保留上下文。
039,full,，但 GL 值随着食用量的变化而变化。GI 和 GL 的联合应用，有助于腾食血 糖管理，对指导糖尿病患者和肥胖人群的饮食具有重要的意义。 5. 食物,腾食,膳食,腾食,corrected,high,批量规则修正；逐条保留上下文。
040,full,. 特殊类型腾食模式 近年来，基于对疾病的丽民和某些疾病治疗的需要，多样腾食模式在网络上传播 兴起，如低碳水化合物饮食、生柄饮食、轻食、旗合等。这些,腾食,膳食,腾食,corrected,high,批量规则修正；逐条保留上下文。
040,full,AR KA ER 食物搭配对 GI 也有一定的影响。富含蛋白质、脂肪及腾食纤维的食物做成的混合 饭菜，均可降低血糖生成指数。 6. 如何看待营养强,腾食,膳食,腾食,corrected,high,批量规则修正；逐条保留上下文。
040,full,。值得注意的是，营养强化食品不是越多越好，不能盲目食用。 7. 特殊类型腾食模式 近年来，基于对疾病的丽民和某些疾病治疗的需要，多样腾食模式在网络上,腾食,膳食,腾食,corrected,high,批量规则修正；逐条保留上下文。
040,full,充足的天然营养素。对于健康人来说，除碘等个别营 养素外，通常可以通过合理腾食满足机体对营养素的需要。因为天然食物中除了含有 f 。。 多种营养成分，,腾食,膳食,腾食,corrected,high,批量规则修正；逐条保留上下文。
040,full,兴起，如低碳水化合物饮食、生柄饮食、轻食、旗合等。这些均不是健康人群的腾食 模式，也没有证所表明长戎采用这些腾食模式更健康。 ## 准则二 吃,腾食,膳食,腾食,corrected,high,批量规则修正；逐条保留上下文。
040,full,轻食、旗合等。这些均不是健康人群的腾食 模式，也没有证所表明长戎采用这些腾食模式更健康。 ## 准则二 吃动平衡，健康体重 <!-- pdf,腾食,膳食,腾食,corrected,high,批量规则修正；逐条保留上下文。
042,full,和营养不良，可导致 机体免疫力降低，增加疾病的发生风险。体重过重反映能量摄和人相对过多或身体活动 不足，易导致超重和肥胖，可显著增加 2 型糖尿病、,摄和,摄入,摄和,corrected,medium,批量规则修正；逐条保留上下文。
043,full,( 18-64 ) 的 BML 应在 as ， 18.5-23.9kgjm( 表 1-15 )。从降低死亡率考虑， 一 65 岁以上老年人不必,kgjm,kg/m²,kgjm,corrected,medium,批量规则修正；逐条保留上下文。
044,full,持体重或增加体重的需求也会影响能量需要量。 根据《中国居民膳食营养素参考摄和人量 (2013 版 )》 我国成年人 (18-49 岁) 低 身体活动,摄和,摄入,摄和,corrected,medium,批量规则修正；逐条保留上下文。
045,full,(6) 减少在外就餐; 在外就餐或聚餐时，_般时间长，会不自沉增加食物的摄和 fF ， 量，导致进食过量。 二 | 的 (四 ) 身体活动量多少为,摄和,摄入,摄和,corrected,medium,批量规则修正；逐条保留上下文。
045,full,重 x | | | (=) 如何做到食不过量 食不过量主要指每天摄和人的各种食物所 “六一 提供的能量，不超过也不低于人体所需要的 Mt:,摄和,摄入,摄和,corrected,medium,批量规则修正；逐条保留上下文。
050,full,"ke/m’), FFCWLBER RR 病原因，然后评估进食量、能量摄和水平、腾食构成、身体活动水平、身体成分构成 2] 等。根据目前健康状况",摄和,摄入,摄和,corrected,medium,批量规则修正；逐条保留上下文。
050,full,"), FFCWLBER RR 病原因，然后评估进食量、能量摄和水平、腾食构成、身体活动水平、身体成分构成 2] 等。根据目前健康状况、能量摄入",腾食,膳食,腾食,corrected,high,批量规则修正；逐条保留上下文。
055,full,"低体重和肥胖增加老年人死亡 风险,超重 (BMI 为 24.0~29.9kgjm? ) 降低老年人死亡风险。低体重 ( BMI<18.5kg/m’ )",kgjm,kg/m²,kgjm,corrected,medium,批量规则修正；逐条保留上下文。
061,full,物的摄 :| 入量起到关键作用。循证研究发现，保证每天丰富的蔬菜水果摄和人，可 一 维持机体健康、改善肥胖，有效降低心血管疾病和肺癌的发病风险，,摄和,摄入,摄和,corrected,medium,批量规则修正；逐条保留上下文。
061,full,癌症具有保护作用。全谷物食 物是腾食纤维和3 族维生素的重要来源，适量摄和可降低 2 型独尿病的发病风险，也 | 可保证肠道健康。奶类富含钙和优,摄和,摄入,摄和,corrected,medium,批量规则修正；逐条保留上下文。
061,full,。蔬菜水果是维生素、矿物质、腾食纤 一维和植物化学物的重要来源，对提高腾食微量营养素和植物化学物的摄 :| 入量起到关键作用。循证研究发现，保,腾食,膳食,腾食,corrected,high,批量规则修正；逐条保留上下文。
061,full,果、奶类、全谷、大豆 he 蔬菜水果、全谷物、奶类、大豆及豆制品是平衡腾食的重要组成部 ES 分，坚果是平衡膳食的有益补充。蔬菜水果是维生素、矿,腾食,膳食,腾食,corrected,high,批量规则修正；逐条保留上下文。
061,full,组成部 ES 分，坚果是平衡膳食的有益补充。蔬菜水果是维生素、矿物质、腾食纤 一维和植物化学物的重要来源，对提高腾食微量营养素和植物化学物的摄,腾食,膳食,腾食,corrected,high,批量规则修正；逐条保留上下文。
061,full,预防食管痪、胃癌、结肠瘤等主要消化道癌症具有保护作用。全谷物食 物是腾食纤维和3 族维生素的重要来源，适量摄和可降低 2 型独尿病的发病风险，也,腾食,膳食,腾食,corrected,high,批量规则修正；逐条保留上下文。
062,full,物全部 的天然营养成分，还富含膳食纤维、B 族维生素和维生素下等，增加其报信量与降低2 型糖尿病、心血管疾病和瘤症的发病风险有关。 蔬菜水果、全谷物,报信,摄入,报信,corrected,medium,批量规则修正；逐条保留上下文。
062,full,"-22 近年来,我国居民蔬菜摄入量逐渐下降，水果、奶类、全谷物和大豆摄和人量仍处 于较低水平。基于其营养价值和健康意义，建议增加蔬菜水果、奶类、",摄和,摄入,摄和,corrected,medium,批量规则修正；逐条保留上下文。
062,full,、奶类、大豆及豆制品是平衡膳食的重要组成部分，不同年龄 人和群推荐的食物摄和人量见表 1-22。 | 表 1-22，不同人群蔬菜水果、全谷物、奶类,摄和,摄入,摄和,corrected,medium,批量规则修正；逐条保留上下文。
062,full,意义，建议增加蔬菜水果、奶类、全谷物和大豆 及其制品的扼入。推荐成人每天摄和人蔬菜不少于 300g，其中新鲜深色蔬菜应占 1/2; 水 | 果 2,摄和,摄入,摄和,corrected,medium,批量规则修正；逐条保留上下文。
062,full,多，是膳食钙和优质蛋白质的重要 3 来源。蔬菜水果富含维生素、夏物质、腾食纤维，目能量低，对于满足人体微量营养 素的需要，保持人体肠道正常功能以及,腾食,膳食,腾食,corrected,high,批量规则修正；逐条保留上下文。
064,full,红色、权 红色和紫红色蔬菜，具有营养优势，克其是富含 B- 胡葛卜素，是腾食维生素A 的主 要来源，应注意多选择。深绿色蔬菜有菠菜、油某等;橘红色蔬,腾食,膳食,腾食,corrected,high,批量规则修正；逐条保留上下文。
066,full,e 菜、十字花科蔬菜更富含营养物质。自己制 7 fet ORE) 是多摄和人蔬菜水 人 果的好办法。蔬药水果各有营养特点，不能 替代或长期缺乏。,摄和,摄入,摄和,corrected,medium,批量规则修正；逐条保留上下文。
066,full,食讲完毕素搭配，做到餐餐有蔬菜。在食堂就 餐，每顿饭的蔬菜也应占整体腾食餐盘的 1/2。 2. 天天吃水果 | 一个三口之家，一周应该采购 4,腾食,膳食,腾食,corrected,high,批量规则修正；逐条保留上下文。
067,full,500= | 快加工处理、食用，最大程度地保证营养 - | 素的摄和人。 | 2. 开汤下荣 | TERE Re ( 如维生素 C、B,摄和,摄入,摄和,corrected,medium,批量规则修正；逐条保留上下文。
067,full,(四 ) 如何达到多吃奶类和大豆 到 奶类和大豆制品都富含优质蛋白，是腾食 FER | Y 1. 选择多种奶制品 鲜牛奶 100 常,腾食,膳食,腾食,corrected,high,批量规则修正；逐条保留上下文。
070,full,可提供更多的B族维生 = 对比例仍与完整颖果保持一致的谷物 素、矿物质、腾食纤维等营养成分及有益健康 “| 制品。 的植物化学物。 | 全谷物食,腾食,膳食,腾食,corrected,high,批量规则修正；逐条保留上下文。
070,full,般都 可以整粒食用，所以也放在这里一起讨论。杂豆可以和主食搭配食用，发挥腾食纤维、 维生素 B、钊、镁等均衡营养作用，提高蛋白质互补和利用。各种豆馅,腾食,膳食,腾食,corrected,high,批量规则修正；逐条保留上下文。
071,full,"正确的认识，促成 | 实践健康的饮食行为。许多家长虽然知道有些不健康腾食行为对健康的消极影响，但 | | HU ARPA EAH Se, U",腾食,膳食,腾食,corrected,high,批量规则修正；逐条保留上下文。
071,full,"生长发育和成人健康的良好饮食来源， 每人人 会 ， 都应该把其作为一生腾食的重要选择。 ie ， | SEL, WAS EEA, TEER",腾食,膳食,腾食,corrected,high,批量规则修正；逐条保留上下文。
072,full,，各国腾食指南，都将蔬菜水果、全谷物、奶类和豆类 尽。 食物作为优先推荐报信的食物种类。 (一) 我国居民蔬菜水果、全谷物、奶类、豆类和坚果摄入量的,报信,摄入,报信,corrected,medium,批量规则修正；逐条保留上下文。
072,full,8 年成年人水果平均摄入量接近 50g/d，与 | 膳食指南推荐的水果摄和人量相比仍有很大差距。以 2018 年的数据为例，不同年龄组成 | 年,摄和,摄入,摄和,corrected,medium,批量规则修正；逐条保留上下文。
072,full,全谷物、奶类和大豆类食物在保持健 全 康和预防疾病方面的重要作用，各国腾食指南，都将蔬菜水果、全谷物、奶类和豆类 尽。 食物作为优先推荐报信的食物,腾食,膳食,腾食,corrected,high,批量规则修正；逐条保留上下文。
075,full,> 章节：准则三 多吃蔬果、奶类、全谷、大豆 我国居民大豆及其制品摄和量在 2000 年以后消费量呈下降趋势，中国健康与 营养调查数据显示，成,摄和,摄入,摄和,corrected,medium,批量规则修正；逐条保留上下文。
076,full,"(27.9g ) 不及腾食指南推荐摄人量的 10。在 3 天 24h 腾食调查中,成年居民 近 80% 未消费奶类，且只有 4% 的居民日均摄入量",腾食,膳食,腾食,corrected,high,批量规则修正；逐条保留上下文。
076,full,、奶类和豆类是人类膳食的重要组成部分，寅含人体所需要 的维生素、矿物质、腾食纤维和植物化学物，奶类和大豆类也是优质蛋白质的重要来 源。蔬菜、水果种类,腾食,膳食,腾食,corrected,high,批量规则修正；逐条保留上下文。
076,full,"善，2018 年成年居民日均奶类及其制品 消费量 (27.9g ) 不及腾食指南推荐摄人量的 10。在 3 天 24h 腾食调查中,成年居民 近 8",腾食,膳食,腾食,corrected,high,批量规则修正；逐条保留上下文。
080,full,蛋白质。因此，结合我国居民蔬药摄人量有所减少，水果、全谷物、 奶类、豆类摄和人量虽没有明显变化，但仍处于较低摄人水平的现况，以及蔬果、全谷 | 物,摄和,摄入,摄和,corrected,medium,批量规则修正；逐条保留上下文。
080,full,图 1-24 ”常见坚果的脂肪酸组成 2. 膳食贡献 在不同年龄组人群的腾食中，蔬果、全谷物、奶类、豆类食物在满足人体对微量 营养素和膳食纤维的需要,腾食,膳食,腾食,corrected,high,批量规则修正；逐条保留上下文。
081,full,制品，以增加 B- He bh. BRAS. ABA C 第 和和钙的摄和人，是改善我国居民整体膳食微量营养素摄人水平不足、减少营养不良发生 部,摄和,摄入,摄和,corrected,medium,批量规则修正；逐条保留上下文。
081,full,项病例对照 ; | 、 2 项系统评价，1 项特大型队列研 增加摄和可降低心血管疾病发病和死亡风险 。 人3 硕大型队列研究 B | 了,摄和,摄入,摄和,corrected,medium,批量规则修正；逐条保留上下文。
082,full,和群的队列研究 ) 的 Meta 分析，结果表明每增加 80g/d 蔬菜摄和人，心血管疾病发病风险降低 13% ( RR=0.87; | 95%C,摄和,摄入,摄和,corrected,medium,批量规则修正；逐条保留上下文。
083,full,种类的蔬菜中，十字花科蔬菜的作用最为显著。 (2) 蔬菜与癌症 增加蔬菜摄和人量对预防食管鳞 (腺 ) 癌具有保护作用; 蔬菜摄人总量与胃癌发病 风,摄和,摄入,摄和,corrected,medium,批量规则修正；逐条保留上下文。
083,full,项队列研究和 1 项横断面研究 ) 进行 | 综合评价，依然支持总水果摄和人量可降低心血管疾病发 | 病风险。一项涵盖中国 67 211 名女性,摄和,摄入,摄和,corrected,medium,批量规则修正；逐条保留上下文。
084,full,"人高的女孩 (平均每天摄和人 3.8 份 ) 比摄和人低的女孩(平均每天摄和人 1.3 份 ) 在成年后 ARRMRA A PRE, SRAM RE",摄和,摄入,摄和,corrected,medium,批量规则修正；逐条保留上下文。
084,full,少年时期牛奶及其制品摄 人高的女孩 (平均每天摄和人 3.8 份 ) 比摄和人低的女孩(平均每天摄和人 1.3 份 ) 在成年后 ARRMRA A,摄和,摄入,摄和,corrected,medium,批量规则修正；逐条保留上下文。
084,full,性队列研究显示，在儿童及青少年时期牛奶及其制品摄 人高的女孩 (平均每天摄和人 3.8 份 ) 比摄和人低的女孩(平均每天摄和人 1.3 份 ) 在,摄和,摄入,摄和,corrected,medium,批量规则修正；逐条保留上下文。
084,full,果显示，不论是蔬菜和水果联合评价，还是蔬菜、水果亚组 分析，蔬菜水果的高摄和人均能降低心血管疾病和脑座中的发生率和死亡率; 而且水果 BAIA G.,摄和,摄入,摄和,corrected,medium,批量规则修正；逐条保留上下文。
084,full,菜和水果摄人增加可使肺癌发生风险降低 24% 8 另外，增加蔬菜和水果摄和人还可能降低乳腺癌和肥胖的发病风险。 3. 奶类及其制品与健康益处 共纳,摄和,摄入,摄和,corrected,medium,批量规则修正；逐条保留上下文。
085,full,RCT 研究显示，每天摄人 100g 酸奶可改善便秘。 | | 酸奶摄和可改善幽门螺杆菌的根除率。2014 年样本量为 200 的中国人群 RC,摄和,摄入,摄和,corrected,medium,批量规则修正；逐条保留上下文。
085,full,| 0.91~0.94 )。 EN | | | (3 ) 酸奶摄和人量与健康益处 | | 纳入 65 简学术文献，其中酸奶与乳糖不而证,摄和,摄入,摄和,corrected,medium,批量规则修正；逐条保留上下文。
085,full,发病风险无明显相关，与牛奶摄入量最低组〈 每周 <2 次 ) 相比，每天摄和人牛奶=2 次组 RR (95%CI) 为 1.06 (0.99，1.1,摄和,摄入,摄和,corrected,medium,批量规则修正；逐条保留上下文。
085,full,果显示前列腺瘤发病风险与总奶制品、低 | 脂奶制品、全脂奶制品或牛奶摄和无关。另一项研究纳入 162 816 人，随访 14 年，结 果显示牛,摄和,摄入,摄和,corrected,medium,批量规则修正；逐条保留上下文。
085,full,次组 RR (95%CI) 为 1.06 (0.99，1.14 )，牛奶摄和人量与前 列腺瘤发病风险无明显剂量 - 反应关系。 | 牛奶及其制品摄,摄和,摄入,摄和,corrected,medium,批量规则修正；逐条保留上下文。
085,full,酸奶，呼气中氧含量升高水平显著低于等量普通牛奶。 | | | 酸奶摄和人可改善便秘。2008 年和 2009 年样本量分别为 135 和 15,摄和,摄入,摄和,corrected,medium,批量规则修正；逐条保留上下文。
086,full,> 章节：准则三 多吃蔬果、奶类、全谷、大豆 合评价分析大豆及其制品摄和人与多种疾病关系，主要证据表明 : (1) 大豆及其制品的摄人可降低乳腺,摄和,摄入,摄和,corrected,medium,批量规则修正；逐条保留上下文。
086,full,mg/d ) 也可以降低乳腺瘤的发生风险。 (2) 适量增加大豆及其制品摄和人的健康益处; 共纳入7篇文献(包括系统综述、 RCT 研究和前瞻性队列,摄和,摄入,摄和,corrected,medium,批量规则修正；逐条保留上下文。
086,full,系统评价显示，每天摄入 24g 或者 氨基 28g 坚果人群与几乎不摄和人群比较， 35620522 可以降低心血管疾病的发病风险。来 in,摄和,摄入,摄和,corrected,medium,批量规则修正；逐条保留上下文。
086,full,线 年龄 40-75 岁 42 226 名美国男性 ) 显示，大豆异黄酮摄和人量 (0.11~4.24me/d 之间 ) 与 冠心病 (CHD ),摄和,摄入,摄和,corrected,medium,批量规则修正；逐条保留上下文。
087,full,。蔬菜品种远多于水果，而且蔬菜 (深色蔬菜 ) y 的维生素、矿物质、腾食纤维和植物化学物的含量高于水果，故水果不能代替蔬菜。 水果中游离糙、有机,腾食,膳食,腾食,corrected,high,批量规则修正；逐条保留上下文。
087,full,"前不用加 时 热，其营养成分不受烹调因素影响，故蔬菜也不能代替水果。在腾食中,水果可补充 J 蔬菜摄入不足，蔬菜水果都有好的口感和风味，可以让人",腾食,膳食,腾食,corrected,high,批量规则修正；逐条保留上下文。
088,full,3，发菠糙米 GI 为 54，均属于低 GI 食物。因为 全谷物食物富含腾食纤维，可降低血糖生成指数。 5. 其他国家饮奶量是多少 其他国家居民牛奶,腾食,膳食,腾食,corrected,high,批量规则修正；逐条保留上下文。
088,full,多吃蔬果、奶类、全谷、大豆 > 表格候选：表 1-28 生素 C、腾食纤维等产生一定量的损失。果及是将新鲜水果糖渍而成，维生素损失较 多，仿糖,腾食,膳食,腾食,corrected,high,批量规则修正；逐条保留上下文。
088,full,年 300kg，我国居民只有21.7kg，相差 15 倍之多。 世界各国腾食指南中成年人乳及乳制品推荐摄入量见表 1-28。 表 1-28 各国,腾食,膳食,腾食,corrected,high,批量规则修正；逐条保留上下文。
088,full,指南中成年人乳及乳制品推荐摄入量见表 1-28。 表 1-28 各国腾食指南中成年人乳及乳制品的建议摄入量 EB 美国 3杯(720ml),腾食,膳食,腾食,corrected,high,批量规则修正；逐条保留上下文。
090,full,多摄入可增加某些肿瘤的发生风险，应当少吃或不吃。各年 S 龄朋人群的适宜报信量见表 1-29。 ~ # 1-29 不同人群动物性食物建议摄入量 总,报信,摄入,报信,corrected,medium,批量规则修正；逐条保留上下文。
094,full,些内脏食物 Ee PA UAE. BRE. ———— 硒和锌等，适量报信可弥补风味和日常腾食不 足，多数内脏产品胆固醇含量偏高，建议每月 可食用,报信,摄入,报信,corrected,medium,批量规则修正；逐条保留上下文。
094,full,PA UAE. BRE. ———— 硒和锌等，适量报信可弥补风味和日常腾食不 足，多数内脏产品胆固醇含量偏高，建议每月 可食用动物内脏食物 2-3,腾食,膳食,腾食,corrected,high,批量规则修正；逐条保留上下文。
095,full,，相对而言，牛、羊、猪等畜肉的饱和脂肪酸含量偏高。因此适量 | | 摄和人肉类是满足蛋白质需求并避免饱和脂肪酸摄人过多的平衡膳食措施。 | |,摄和,摄入,摄和,corrected,medium,批量规则修正；逐条保留上下文。
099,full,献率/% | 图 1-31 2015一2017 年居民畜禽蛋鱼虾类对腾食营养素的贡献率 | (=) 鱼、畜肉、禽和蛋与健康的关系证据分析,腾食,膳食,腾食,corrected,high,批量规则修正；逐条保留上下文。
100,full,"PPR UI RE AE Ue, SEER I OB SR C1) 增加摄和鱼肉可降低成年人全因死亡风险 | 对9篇文献(包括4篇系统评价和5篇队",摄和,摄入,摄和,corrected,medium,批量规则修正；逐条保留上下文。
101,full,ML PPG EAA; 对健康人和群而言，每日1个(每周7个 ) 鸡蛋报信与心 ‘ 87 i <!-- pdf-page:102 -->,报信,摄入,报信,corrected,medium,批量规则修正；逐条保留上下文。
101,full,0 多万例 18 BW | 研究对象 ) 的 Meta 分析发现，每日摄和鱼肉每增加 100g，脑卒中发生风险降低 14%， | RR (95%,摄和,摄入,摄和,corrected,medium,批量规则修正；逐条保留上下文。
101,full,"0 岁人群进行 14 年 随访的队列研究发现，与从不吃鱼人和群相比，每日摄和人鱼 >68g 的人群全因死亡风险降 低 30%, HR (95%CI)",摄和,摄入,摄和,corrected,medium,批量规则修正；逐条保留上下文。
101,full,列研究发现，在控制能量摄人 | 的情况下，与每天 1 份红肉相比，每天摄和人 1 份售肉者患心血管疾病的危险降低 19% | | (95%CI,摄和,摄入,摄和,corrected,medium,批量规则修正；逐条保留上下文。
101,full,对鱼肉与中老年人痴呆及认知功能障碍进行综合 最 | 评价，结果提示多摄和人鱼肉可降低发病风险，综合评价等级为B 级。2014 年一项对中 2,摄和,摄入,摄和,corrected,medium,批量规则修正；逐条保留上下文。
101,full,研究，其中5 项 研究来自中国人群 ) 进行综合评价，结果提示增加鱼肉摄和人可降低成年人脑卒中的发 | 病风险，综合评价等级为B 级。2017,摄和,摄入,摄和,corrected,medium,批量规则修正；逐条保留上下文。
102,full,5 岁人和群 进行的畜肉与2型糖尿病发病风险的 Meta 分析发现，与不摄和人畜肉相比，每天摄人 150g 畜肉的人群 2 型糖尿病发病风险增加 6,摄和,摄入,摄和,corrected,medium,批量规则修正；逐条保留上下文。
102,full,、7 项队列研究和 1 项病例对照研究 ) 进行综 合评价，结果显示过多摄和人畜肉可增加 2 型糖尿病的发病风险，综合评价等级为级。 2009 年开,摄和,摄入,摄和,corrected,medium,批量规则修正；逐条保留上下文。
102,full,分析和 1 项队列研究 ) 进行综合评价，结果显示在 一般人群中，鸡蛋摄和与心血管疾病的发病风险无关，综合评价等级为B级。2020 年一项包含 2,摄和,摄入,摄和,corrected,medium,批量规则修正；逐条保留上下文。
102,full,，增加畜肉摄入可降低贫血的发病风险。其推荐等级均为 B级。 (1) 过多摄和人畜肉可增加 2 ORR Re EY Ap A 对10篇文献(包括2篇,摄和,摄入,摄和,corrected,medium,批量规则修正；逐条保留上下文。
103,full,"6 822 例 is | 中国人群进行的病例对照研究结果显示，与每天摄和人畜肉 33.30 人群相比，每天摄 | A 75g, 116.7g,",摄和,摄入,摄和,corrected,medium,批量规则修正；逐条保留上下文。
103,full,"69 岁 | | 英国女性的队列研究结果显示，每天摄人畜肉的人群比不摄和人畜肉的人群血清铁蛋白 第 | i 36%, HR (95%CI)",摄和,摄入,摄和,corrected,medium,批量规则修正；逐条保留上下文。
103,full,，共纳入 33 篇 腾 文献作为主要证据。目前有充足的证据表明，过多摄和人烟生食品可增加胃癌、食管瘤 EB | 的发病风险，其推荐等级均为,摄和,摄入,摄和,corrected,medium,批量规则修正；逐条保留上下文。
103,full,，综合评价等级为B 级。整体 Meta 分析结果显示， 上 重制食品摄和人增加 102% 食管癌的发病风险，OR (95%CI) 为 2.02,摄和,摄入,摄和,corrected,medium,批量规则修正；逐条保留上下文。
104,full,yd， | 也未发现胆固醇摄入量与冠心病发病和死亡风险有关。《中国居民腾食营养素参考摄 入量〈2013 版)》删除了对膳食胆固醇的上限值 (200,腾食,膳食,腾食,corrected,high,批量规则修正；逐条保留上下文。
104,full,他脂肪酸一样，除了构成人体组织外，一个重要的生理功能是为人 体提供能量。腾食饱和脂肪酸摄入量明显影响血鹏水平。有证据表明，血脂水平升高， 特别是血清,腾食,膳食,腾食,corrected,high,批量规则修正；逐条保留上下文。
104,full,固醇的合成。送年研究表明，人体自 身脂肪代谢对血中上胆固醇的影响要远大于腾食中胆固醇摄入的影响，另外，脂肪酸的 性质对胆固醇合成速率和血中脂质水平的,腾食,膳食,腾食,corrected,high,批量规则修正；逐条保留上下文。
104,full,是人体内胆固醇的主要来源; 二是外 源性的，即机体通过食物摄入胆固醇，经腾食摄入的胆固醇仅占体内合成胆固醇的 1/7~1/3 ( # 1-35 )。,腾食,膳食,腾食,corrected,high,批量规则修正；逐条保留上下文。
104,full,膳食营养素参考摄入量〈2013 版 ) 均建 议饱和脂肪酸的摄入量应低于腾食总能量的 10%。 2. 科学认识胆固醇 加 胆固醇属于类脂，具有环上,腾食,膳食,腾食,corrected,high,批量规则修正；逐条保留上下文。
104,full,血脂水平升高， 特别是血清胆固醇水平升高是动脉粥样硬化的重要影响因素，而腾食中饱和脂肪酸则与 血清胆固醇升高有关。世界卫生组织和中国居民膳食营养素参,腾食,膳食,腾食,corrected,high,批量规则修正；逐条保留上下文。
108,full,此要降低食盐摄入，培养清淡口味，逐渐做到量化用盐，推荐 :| 每天食盐报信量不超过 Se. En 训调油包括植物油和动物油，是人体必需脂肪酸和维,报信,摄入,报信,corrected,medium,批量规则修正；逐条保留上下文。
108,full,为 25~30g。 成年人脂肪提供能量应占总能量的 30% 以下。 过多摄和人添加糖 /含糖饮料，可增加颇齿、超重和肥胖等的发生风险。建议每天摄 当,摄和,摄入,摄和,corrected,medium,批量规则修正；逐条保留上下文。
108,full,。目前我国居民亮调油摄入量较多。过多亮调油的使用会增加脂肪 的摄人，导致腾食中脂肪供能比超过适宜范围。过多摄入反式脂肪酸还会增加心血管 疾病的发生风,腾食,膳食,腾食,corrected,high,批量规则修正；逐条保留上下文。
108,full,酸还会增加心血管 疾病的发生风险。应减少豪调油和动物脂肪用量，推荐每天的训调油报人量为 25~30g。 成年人脂肪提供能量应占总能量的 30% 以下,训调,烹调,训调,corrected,medium,批量规则修正；逐条保留上下文。
108,full,，逐渐做到量化用盐，推荐 :| 每天食盐报信量不超过 Se. En 训调油包括植物油和动物油，是人体必需脂肪酸和维生素三的重要 来源。目前我国居,训调,烹调,训调,corrected,medium,批量规则修正；逐条保留上下文。
108,full,比超过适宜范围。过多摄入反式脂肪酸还会增加心血管 疾病的发生风险。应减少豪调油和动物脂肪用量，推荐每天的训调油报人量为 25~30g。 成年人脂肪提,豪调,烹调,豪调,corrected,medium,批量规则修正；逐条保留上下文。
109,full,遍过多，因此应当减少食盐的摄人量。调查表明，我国很多居民脂 肪摄入过多，训调油摄人多是重要的因素，过多的脂肪 ( 包括毫调油 )、盐摄入是我国 |,训调,烹调,训调,corrected,medium,批量规则修正；逐条保留上下文。
111,full,或有家族性高血压的人，对食盐摄人量 [站 AN、 | 的变化更为敏感，腾食中的食盐如果增加或减 | BE: | 少，血压就会随之改变。吃盐过多可,腾食,膳食,腾食,corrected,high,批量规则修正；逐条保留上下文。
111,full,a 超过30%，也就是说一个成年人每天摄人 | 50-70g 脂肪，训调油占很大比例。 | 1. 学会选择用油 | 1 根据国家相关标准，,训调,烹调,训调,corrected,medium,批量规则修正；逐条保留上下文。
112,full,酸的黄油、奶油、毫馆的人造黄油、可可脂和棕榈油等制作。日常他和脂 肪酸的报信量应控制在总脂肪摄人量的 10% 以下。 YS <!-- pdf-p,报信,摄入,报信,corrected,medium,批量规则修正；逐条保留上下文。
112,full,饱和脂肪酸 动物油脂富含物和脂肪酸，应特别注意限制加工零食和油炸香胸食品报信，常温 下“脆”和“起酥”的产品如募条、土豆片、饼干、蛋糕、加工肉制品，,报信,摄入,报信,corrected,medium,批量规则修正；逐条保留上下文。
112,full,"步养成习惯，培养成自觉的行为和健 ) os | “康美食方法。 选购训调油应注意: ORE, | si ASML, AAR «WRU, KARO",训调,烹调,训调,corrected,medium,批量规则修正；逐条保留上下文。
115,full,成分表，选 人 合物或糖含量低的饮料，注意隐 | 大，很容易摄和过多的精，导臻口味杰 era ee 注意隐 Be | | SAN,摄和,摄入,摄和,corrected,medium,批量规则修正；逐条保留上下文。
116,full,37396; HE | WER SAR) F 30e/d 和毫调用盐摄和人量小于 5g/d 的人群比例分别为 46.6% 和 27.7%，均高于,摄和,摄入,摄和,corrected,medium,批量规则修正；逐条保留上下文。
116,full,5 年中国成年人慢性病与 营养监测数据显示， 每标准人日 豪调油和盐的摄和人量 昌 分别为4.25和9.3g。 从烹调油和埠报入量的长期变化站势,摄和,摄入,摄和,corrected,medium,批量规则修正；逐条保留上下文。
116,full,/d 的人群比例分别为 46.6% 和 27.7%，均高于农村居民。 训调油和误调盐援人水平的人群分布分别见图 1-33 和 | 图 1-34.,训调,烹调,训调,corrected,medium,批量规则修正；逐条保留上下文。
116,full,S (—) 我国居民油、盐、糖的摄入现状分析 量 1. 我国成年人的训调油和盐握入量 2015 年中国成年人慢性病与 营养监测数据显示，,训调,烹调,训调,corrected,medium,批量规则修正；逐条保留上下文。
116,full,2015 年中国成年人慢性病与 营养监测数据显示， 每标准人日 豪调油和盐的摄和人量 昌 分别为4.25和9.3g。 从烹调油和埠报入量的,豪调,烹调,豪调,corrected,medium,批量规则修正；逐条保留上下文。
116,full,国上 年居民平均每日毫调油摄入量小于 30gd 的人群比例为42.9%，豪调用盐摄人量小于 5的人群比例为23.396，其中 80 岁以上人群比例最,豪调,烹调,豪调,corrected,medium,批量规则修正；逐条保留上下文。
117,full,"(13.5¢), 13~17 岁组 ( 13.1g )，随年龄的增长糖摄和人量总体呈下降 上 趋势 (图 1-35 )。 | g |",摄和,摄入,摄和,corrected,medium,批量规则修正；逐条保留上下文。
117,full,摄人量为 9.1g，各年龄组 所 糖平均摄人量女性普遍高于男性。糖平均摄和人量最高的三个年龄组分别为 3~6 岁组 rE | (17.1g)、,摄和,摄入,摄和,corrected,medium,批量规则修正；逐条保留上下文。
119,full,日均酒精摄入量男性为 30.0g8，女性为 12.3g。成年 饮酒者酒精摄和人水平分布见表 1-43。值得注意的是，56.8% 的成年男性酒精摄和人,摄和,摄入,摄和,corrected,medium,批量规则修正；逐条保留上下文。
119,full,精摄和人水平分布见表 1-43。值得注意的是，56.8% 的成年男性酒精摄和人量超 第 ist 15e/d. 如 表 1-43 2015一201,摄和,摄入,摄和,corrected,medium,批量规则修正；逐条保留上下文。
120,full,.3%，高盐摄和人是高血压发生的重要影响因素，应引起重视。 我国居民钠的报信，72% 为豪调盐的贡献，8% 为酱油的贡献，因此减盐 (钠) 的 误调,报信,摄入,报信,corrected,medium,批量规则修正；逐条保留上下文。
120,full,。亮调油是提供人们所需脂肪的重要来源，占总脂肪的 53% 左右〈 总脂肪摄和人量为 79.9g )。 动物油所含脂肪酸比例与植物油脂不同，植物油富含,摄和,摄入,摄和,corrected,medium,批量规则修正；逐条保留上下文。
120,full,》结果表明，全国 18 岁及以上成年 人高血压患病率为 27.3%，高盐摄和人是高血压发生的重要影响因素，应引起重视。 我国居民钠的报信，72% 为,摄和,摄入,摄和,corrected,medium,批量规则修正；逐条保留上下文。
120,full,人是高血压发生的重要影响因素，应引起重视。 我国居民钠的报信，72% 为豪调盐的贡献，8% 为酱油的贡献，因此减盐 (钠) 的 误调油可分为植物油和,豪调,烹调,豪调,corrected,medium,批量规则修正；逐条保留上下文。
121,full,项队列研究和 | 篇横断面研究 ) 进行综合评 | 价，结果表明高盐摄和能够增加高血压发病风险，而降低盐概入量能降低血压，综合 评价等级为 A,摄和,摄入,摄和,corrected,medium,批量规则修正；逐条保留上下文。
121,full,国外 ( 2002—2020 年 ) 相关人群研究文 | | 献，经腾食与健康科学证据工作组的整体分析和综合评价，盐、油、糖、酒与健康关 |,腾食,膳食,腾食,corrected,high,批量规则修正；逐条保留上下文。
123,full,CI: -0.6%~0 ). (2) 以多不饱和脂肪酸部分替代饱和脂肪酸报信可降低冠心病的发病风险 i“ 纳入 18 篇文献 (13 篇系统综述、,报信,摄入,报信,corrected,medium,批量规则修正；逐条保留上下文。
123,full,. 油脂与健康 / 疾病 (1 ) 高脂肪摄人可增加肥胖风险，减少总脂肪摄和人有助于降低体重 对7篇文献(4篇系统综述、3 项 RCT 研究 ) 进,摄和,摄入,摄和,corrected,medium,批量规则修正；逐条保留上下文。
123,full,> 章节：准则五 少盐少油，控糖限酒 (2 ) 高盐 (钠) 的摄和人可增加脑卒中的发病风险 对7篇文献 (4篇系统综述和 3 项队列研究,摄和,摄入,摄和,corrected,medium,批量规则修正；逐条保留上下文。
123,full,"合并 RR (95%CI) 为 123 (1.06, 1.43), 钠的摄和人每增加 1.15g/d4，脑卒中的发病风险可增加 6%。1 项队列研究",摄和,摄入,摄和,corrected,medium,批量规则修正；逐条保留上下文。
123,full,对72 878 例成年人队 列研究进行系统评价显示，与对照组相比，高钠摄和组人群患脑卒中风险增加 24%， RR (95%CT) 4 1.24 (,摄和,摄入,摄和,corrected,medium,批量规则修正；逐条保留上下文。
123,full,研究 ) 进行综合评价，结果表明高脂肪摄人 可增加肥胖风险，减少总脂肪摄和人有助于降低体重。综合评价等级为A 级。一篇纳人 a 37 SH RC,摄和,摄入,摄和,corrected,medium,批量规则修正；逐条保留上下文。
123,full,述、4项 RCT 和1 项队列研究 ) 进行综合评价，结 果表明饱和脂肪摄和人过多或占供能比过高可增加心血管疾病的发病与死亡风险，增加 | |,摄和,摄入,摄和,corrected,medium,批量规则修正；逐条保留上下文。
124,full,", 1.11). 3. 添加糖、含糖饮料与健康 / 疾病 (1 ) 过量摄和人添加糖可增加颇具的发病风险 对9篇文献 (2 篇系统评价、3 项队列研",摄和,摄入,摄和,corrected,medium,批量规则修正；逐条保留上下文。
124,full,"和 1.27 (1.05, 1.55); 在随访 15 年时，含糖饮 料摄和人量与贤失补牙面数的增加显著相关，OR ( 95%C7T ) 41.12",摄和,摄入,摄和,corrected,medium,批量规则修正；逐条保留上下文。
125,full,"3 2.58 (1.00, 5.80 )。 | (3 ) 酒精摄和能够增加痛风发病风险 | | 对5篇文献 (1 篇系统综述、2 项",摄和,摄入,摄和,corrected,medium,批量规则修正；逐条保留上下文。
125,full,天 1~2 份 ) 2 型糖尿病患病率增加 26%。还有研 究显示过多摄和人含糖饮料可增加成年人血脂异常的发生风险。一篇美国在 2015 年发表,摄和,摄入,摄和,corrected,medium,批量规则修正；逐条保留上下文。
127,full,2 岁以上儿童和成人腾食中来源于食品工业加工产生的反式脂肪酸的最高限量为腾食总 ] 能量的 1%”，大致相当于 2g。 2012 年国家食品安全风,腾食,膳食,腾食,corrected,high,批量规则修正；逐条保留上下文。
127,full,2g。 2012 年国家食品安全风险评估专家委员会对我国居民反式脂肪酸腾食摄入水平进 y 行了评估，估计摄入量较低。按供能比计算，反式脂肪酸来自,腾食,膳食,腾食,corrected,high,批量规则修正；逐条保留上下文。
127,full,可干扰必需脂肪酸代谢，可能影响儿童的生 长发育及神经系统健康。《中国居民腾食营养素参考摄入量(2013 版 )》提出“我国2 岁以上儿童和成人腾食中,腾食,膳食,腾食,corrected,high,批量规则修正；逐条保留上下文。
127,full,民腾食营养素参考摄入量(2013 版 )》提出“我国2 岁以上儿童和成人腾食中来源于食品工业加工产生的反式脂肪酸的最高限量为腾食总 ] 能量的 1,腾食,膳食,腾食,corrected,high,批量规则修正；逐条保留上下文。
127,full,第 Y 等;天然食品如奶类等，占 29%。由于腾食模式不同，我国居民腾食中反式脂肪酸目 部 y 前摄入量远低于欧美等国家。基于 2002 年,腾食,膳食,腾食,corrected,high,批量规则修正；逐条保留上下文。
127,full,蛋糕、含植脂未的奶茶 第 Y 等;天然食品如奶类等，占 29%。由于腾食模式不同，我国居民腾食中反式脂肪酸目 部 y 前摄入量远低于欧美等国,腾食,膳食,腾食,corrected,high,批量规则修正；逐条保留上下文。
130,full,食有度，是健康生活方式的重要组成部分，不仅可以保障营养素全面、 二 充足报信，还有益健康。饮食不规律、暴饮暴食、不合理节食等不健康 | 的饮食行为,报信,摄入,报信,corrected,medium,批量规则修正；逐条保留上下文。
130,full,0%~35%6。 水是构成人体成分的重要物质并发挥着重要的生理作用。水的摄和信和排出要平衡， 以维护适宜的水合状态和正常的生理功能。足量饮水是机体健,摄和,摄入,摄和,corrected,medium,批量规则修正；逐条保留上下文。
131,full,| 物的品种和量是落实平衡膳食的实践，不仅可以保证营养素全面、充足的摄和人，而且 有益健康。目前，我国居民中三餐不规律 、不吃早餐或早餐营养质量,摄和,摄入,摄和,corrected,medium,批量规则修正；逐条保留上下文。
131,full,新陈代谢、调节体温以 及润滑器官和关节等方面都起着必不可少的作用。水的摄和信和排出维持着动态平衡， 饮水过多或过少都会影响机体的水合状态，不利于机,摄和,摄入,摄和,corrected,medium,批量规则修正；逐条保留上下文。
131,full,"se | AERA, EMAL, RAE. Rr i i 部分，是平衡腾食的具体饮食生活实践。在日常生活中，人们的作息、人饮食、工作或 再 学习等",腾食,膳食,腾食,corrected,high,批量规则修正；逐条保留上下文。
131,full,水合状态，不利于机体健康。机体对水的需要量受年 龄、性别、身体活动水平、腾食结构和环境等多种因素的影响。研究表明，人饮水不足 | 会降低机体的身体,腾食,膳食,腾食,corrected,high,批量规则修正；逐条保留上下文。
132,full,%~30%，午餐占 30%-~40%，晚餐占 30%~35%。每人 每天摄和人的能量应根据职业、劳动强度和生活习惯进行相应调整，中、高身体活动水 平,摄和,摄入,摄和,corrected,medium,批量规则修正；逐条保留上下文。
132,full,活习惯进行相应调整，中、高身体活动水 平者应分别比低身体活动水平者每天多摄和人 300kcal、800kcal 的能量。 中 上 (=) 如何保证,摄和,摄入,摄和,corrected,medium,批量规则修正；逐条保留上下文。
132,full,能量。 中 上 (=) 如何保证天天吃好早餐 入 认识早餐对膳食营养摄和人、工作学习效率和健康的重要性。把早餐作为每天健康 4 生活方式的开始,摄和,摄入,摄和,corrected,medium,批量规则修正；逐条保留上下文。
133,full,堂供餐都按照学生的营养需求设计和安 | 排，注意种类的多样和搭配，科学训调，注意食物的色香味。学生应尽量吃完，不浪 1 费食物。 | 上晚餐不,训调,烹调,训调,corrected,medium,批量规则修正；逐条保留上下文。
134,full,"序，可以先吃少量主食,再 RAS BR RAR 吃蔬菜、肉类等，增加蔬菜报信，肉类菜着要 | = EL 4S.WEOE RP ee Fs tr",报信,摄入,报信,corrected,medium,批量规则修正；逐条保留上下文。
134,full,餐食物的摄入量，保证全天营养平衔。同时做到清淡少油少趟。主食可以选 富含腾食纤维的食物，如小米、功米、荞麦、红暮等，既能增加人腹感，又可以促进 Be,腾食,膳食,腾食,corrected,high,批量规则修正；逐条保留上下文。
135,full,切相关。 | 应采取以下措施防止偏食挑食，@D充分认识偏食挑食对营养素摄和及健康的危害; | @党试吃原来不吃的食物; 加变换烹调方式。 i,摄和,摄入,摄和,corrected,medium,批量规则修正；逐条保留上下文。
136,full,首先要保证主食、鱼肉蛋奶、水果蔬 茉等食物种类的齐全，适度减少高能量食物摄和人量，从而减少能量摄入，这种方法被 称为“限制能量的平衡膳食”，也被称为,摄和,摄入,摄和,corrected,medium,批量规则修正；逐条保留上下文。
136,full,"少能量摄入，这种方法被 称为“限制能量的平衡膳食”，也被称为“传统低能量腾食""”。原则上 ，每天少摄人 500kcal 或 20%~30% 的能量，",腾食,膳食,腾食,corrected,high,批量规则修正；逐条保留上下文。
137,full,00ml; 女性每天总水适宜扼入量为 | 2 700ml，每天水的适宜摄和人量为 1500ml，从 食物中获得水为 1 200ml。 a 不同年,摄和,摄入,摄和,corrected,medium,批量规则修正；逐条保留上下文。
137,full,量不同。孕妇因孕期羊水以及胎儿，水分 2 需要量增多。孕妇每天总水适宜摄和人量为 | 3 000ml，乳母每天总水适宜摄入量为 3 800ml。,摄和,摄入,摄和,corrected,medium,批量规则修正；逐条保留上下文。
137,full,食物中获得水为 1 200ml。 a 不同年龄、不同性别人和群水的适宜摄和人 | 量不同。孕妇因孕期羊水以及胎儿，水分 2 需要量增多。孕妇每,摄和,摄入,摄和,corrected,medium,批量规则修正；逐条保留上下文。
139,full,如饮用包装咖 啡，建议不加入糖。注意咖啡因的报信量，对于健康成年人，每天报信不超过 2~3 6 明啡。不建议孕妇喝咖啡，如饮用，每天不超过 1 杯。,报信,摄入,报信,corrected,medium,批量规则修正；逐条保留上下文。
139,full,时，应选择不加精的现者咖啡，如饮用包装咖 啡，建议不加入糖。注意咖啡因的报信量，对于健康成年人，每天报信不超过 2~3 6 明啡。不建议孕妇喝咖啡，,报信,摄入,报信,corrected,medium,批量规则修正；逐条保留上下文。
141,full,险。 | 在总能量摄入一致的前担下，与晚餐高供能比相比，提高早餐的能量摄和比例能 各降低窑腹血糙和胰岛素水平，降低胰岛素抵抗并且提高机体对胰岛素的,摄和,摄入,摄和,corrected,medium,批量规则修正；逐条保留上下文。
144,full,况有关。系统综述显示，在所有年龄组 时 中，在外就餐与高能量、高脂肪的摄和人有关，与微量营养素特别是维生素 C、钙和铁 = 的摄人量降低有关。2,摄和,摄入,摄和,corrected,medium,批量规则修正；逐条保留上下文。
144,full,美国对 18 岁及以上 全 成年人的调查显示，外出就餐的次数越多，能量摄和人就越多。经常在外就餐可增加超 8 重肥胖、心血管疾病等的发生风险。有系,摄和,摄入,摄和,corrected,medium,批量规则修正；逐条保留上下文。
145,full,%、 16.3% 和 7.7%; 45~59 岁、60 岁及以上组人群狂摄和贡献率最高的饮料为果蔬汁及其 ; 饮料，分别占比 3.29%、1.9%,摄和,摄入,摄和,corrected,medium,批量规则修正；逐条保留上下文。
145,full,7 岁 i | 和 18~29 岁人群。对 3 岁及以上城市居民糖摄和人贡献最高的三个饮料亚类为碳酸饮料、 南 果蔬计及饮料和茶饮料，分别,摄和,摄入,摄和,corrected,medium,批量规则修正；逐条保留上下文。
145,full,700ml。 分 | 国家食品安全风险评估专家委员会“中国城市居民糖摄和水平及其风险评估”报 时 告中，对我国18个省 ( 自治区、直辖市 ),摄和,摄入,摄和,corrected,medium,批量规则修正；逐条保留上下文。
145,full,8.8% 的调查对 部 | 象日均饮水量达到了中国成年居民饮水适宜摄和人量 1 300~1 700ml。 分 | 国家食品安全风险评估专家,摄和,摄入,摄和,corrected,medium,批量规则修正；逐条保留上下文。
145,full,糖摄仙献率 为14%; 其他含糖饮料合计占 2.9%。不同饮料亚类对糖摄和人的贡献，3~6 岁组人群糖 | 摄入贡献率最高的饮料种类为含糖乳饮料,摄和,摄入,摄和,corrected,medium,批量规则修正；逐条保留上下文。
147,full,| 血性心力衰竭等。正常人极少见水中毒。如果在短期内摄人大量水分而钠盐摄和不足 上 时，会出现低钠血症，引起水中毒。水中毒时，可因脑细胞肿胀、脑,摄和,摄入,摄和,corrected,medium,批量规则修正；逐条保留上下文。
152,full,"IE ERK, WARM RCA AG AB 目标。 be 加工食品在腾食中的比例日渐增大，学会读懂预包装食品标签和营养标签，了解 里”原料组成、",腾食,膳食,腾食,corrected,high,批量规则修正；逐条保留上下文。
152,full,源和营养密度高的食物;优选当地、当季新鲜食物，按照营 养和美味搭配组合。豪调是膳食计划的重要组成部分，学习误饪，做好一日三餐，既 可最大化地保留食物,豪调,烹调,豪调,corrected,medium,批量规则修正；逐条保留上下文。
153,full,"DT RDM T RE, HIT UE, Te HT 部 | 及性。腾食宝塔的结构图及食品标示量，满足了能量在 1 600~2 400kcal/",腾食,膳食,腾食,corrected,high,批量规则修正；逐条保留上下文。
154,full,。营养素密度高的食物指多种维生 一一 8 。。 素、矿物质(钠除外)、腾食纤维以及植物化 贴士: | 学物质或必需脂肪酸含量较高的食物，但同时,腾食,膳食,腾食,corrected,high,批量规则修正；逐条保留上下文。
154,full,种维生素 (B- 胡萝卜素、维生素 K、叶酸等)、矿物质 (钾、镁等)、腾食纤维及植物化学物等; 水 果，尤其是完整的水果维生素 C、类胡葛卜素等成,腾食,膳食,腾食,corrected,high,批量规则修正；逐条保留上下文。
155,full,"卜素、叶酸、钙、钾、维 ai SER, 18 eH b 生素 C、腾食纤维，也是植物化学 MARR, wT. HSL OHRTRH, M",腾食,膳食,腾食,corrected,high,批量规则修正；逐条保留上下文。
156,full,以很好地帮助选择食品。 (=) 如何设计一日三餐 设计好每人、每个家庭的腾食是家庭文明健康的表现。一日腾食应包括正餐、加 餐以及水果等所有食物。挑选,腾食,膳食,腾食,corrected,high,批量规则修正；逐条保留上下文。
156,full,如何设计一日三餐 设计好每人、每个家庭的腾食是家庭文明健康的表现。一日腾食应包括正餐、加 餐以及水果等所有食物。挑选营养丰富且家人喜爱的食物，用适,腾食,膳食,腾食,corrected,high,批量规则修正；逐条保留上下文。
156,full,满足营养需求的目的。每个人和每个家庭都应理解 并养成健康饮食习惯，良好的腾食计划不仅要满足亿腹感、愉悦感，还要考虑食物的 | 多样性及其所带来的营,腾食,膳食,腾食,corrected,high,批量规则修正；逐条保留上下文。
156,full,的营养和功能性。 1. 了解和确定膳食能量摄取目标 | 首先，参照腾食营养素参考摄入量，简单地根据年龄、性别和身体活动水平确定 | 能量需要,腾食,膳食,腾食,corrected,high,批量规则修正；逐条保留上下文。
156,full,量声称，如高钙、低脂、无糖等，或者与同类食品相比的优势特点，比如 增加了腾食纤维，或减少了盐用量等。这些可以很好地帮助选择食品。 (=) 如何设计一,腾食,膳食,腾食,corrected,high,批量规则修正；逐条保留上下文。
157,full,| 根据膳食宝塔，选择谷暮类、蔬菜水果、鱼禽肉蛋、乳 /豆 /坚果及训调用油盐 加 等，对照表 1-54 根据能量需求确定食物用量。 上,训调,烹调,训调,corrected,medium,批量规则修正；逐条保留上下文。
158,full,养配餐，享受美食、快乐与健康。水果、茶点等也应计入能量的 组成部分，零食报信量不要超过全天能量的 15%. 4. 膳食营养的确认与核查 通过一段时间,报信,摄入,报信,corrected,medium,批量规则修正；逐条保留上下文。
158,full,况对能量需要量进行微调，使之 更适合个体需求并保持健康体格。 膳食指南和腾食计划的制定原则是在一段时间内各类食物摄人的种类和数量平衡， 所获取的营养,腾食,膳食,腾食,corrected,high,批量规则修正；逐条保留上下文。
158,full,外过点餐的频率越来 家 。。 越高，但了解和掌握一定毫调知识可以帮助管理腾食。而回归家庭，自己挑选食物、 指。。 动手训制食物，可更好地认识和了解食,腾食,膳食,腾食,corrected,high,批量规则修正；逐条保留上下文。
160,full,"香料 盐、糖和其他调味料的主要目的在于调味，对盐用量控制实质上是控制钠的摄和 Ait. PRE Be, BR. OO. OGTR. BR, Be.",摄和,摄入,摄和,corrected,medium,批量规则修正；逐条保留上下文。
160,full,AS ye set eee (GN) 的用量下，同样要学会计量。利用葱 训调赋予了食物美味，也让食物更好地消化和利用。为了使误制出的饭菜更健康， 要,训调,烹调,训调,corrected,medium,批量规则修正；逐条保留上下文。
160,full,、炭烤温度高达240%和350% ，不适合长时间加热，避免安全 隐患。 训调好的饭菜趁热进食，避免反复加热，导致营养流失进一步增加。 a (3 ),训调,烹调,训调,corrected,medium,批量规则修正；逐条保留上下文。
160,full,可能也会用到挂糊方法，但注 意挂糊用的淀粉会吸收一定的油脂。烤、束在家庭豪调中应用相对较少 (小型的烤 面包除外 )，电烤、炭烤温度高达240%和3,豪调,烹调,豪调,corrected,medium,批量规则修正；逐条保留上下文。
162,full,深加工的食品，脂肪、糖和盐等限制性成分的含量水平都偏高，减少油、 盐、糖摄和人是科学界共识。加工果蔬和肉制品同生鲜食品相比，维生素会有一定损失 破坏,摄和,摄入,摄和,corrected,medium,批量规则修正；逐条保留上下文。
162,full,据一段时间内就餐频次、食物种 z 类和数量调整其他餐次，保证能量平衡、腾食合理。 . 2. 挑选主食，不忘全谷物 辣 在外就餐对主食的选购常会,腾食,膳食,腾食,corrected,high,批量规则修正；逐条保留上下文。
163,full,研究对北京、上海、广东餐饮菜品营养成分以及就餐者菜品选择及能量与营养 素摄和状况进行了评估，发现和在家就餐相比，在外就餐者更愿意选择畜禽类菜肴，,摄和,摄入,摄和,corrected,medium,批量规则修正；逐条保留上下文。
164,full,理念的形成， 共同构建平衡膳食环境。 (=) 家庭豪饪的健康益处 在各国腾食指南及综述中，都会提到家庭襄饪 (home cooking ) 的益处。,腾食,膳食,腾食,corrected,high,批量规则修正；逐条保留上下文。
165,full,100kcal )。 y | 为了直观显示食物提供的某营养素对每日腾食营养素参考摄入量的贡献，也有人 | ) 用该营养素含量与该营养素参考值,腾食,膳食,腾食,corrected,high,批量规则修正；逐条保留上下文。
165,full,化转型与创新的源起点。 | | (一 ) 家庭平衡膳食规划 家庭的平衡腾食规划应当具有充足性 、平衡性和多样性的特点。 | 充足性: 指能提供足,腾食,膳食,腾食,corrected,high,批量规则修正；逐条保留上下文。
165,full,好的腾食计划必需是食物多样的，多样化可使“平衡”变得容易。应该 从 包括腾食宝塔中的各类食物，如谷类为主，餐餐有蔬菜，天天有水果，保证每天12种 腾,腾食,膳食,腾食,corrected,high,批量规则修正；逐条保留上下文。
165,full,康人的需要。这就需要食物多样充 足，保证能量和营养素的供给。如果一家人的腾食长期不能提供足够某营养素的话， 有可能出现缺乏证状，如儿童营养不良、生长,腾食,膳食,腾食,corrected,high,批量规则修正；逐条保留上下文。
165,full,物、全谷物、蔬菜和 分 | 水果等来补充微量营养素。 是 SA: 好的腾食计划必需是食物多样的，多样化可使“平衡”变得容易。应该 从 包括腾食宝塔,腾食,膳食,腾食,corrected,high,批量规则修正；逐条保留上下文。
165,full,生长迟缓，老年人贫血等。 | 平衡性; 平衡贱食有助于保证充足性。平衡腾食要求不同种类食物之问的比例适 第 | 宜。在家庭采购训钮中，可以根据食物,腾食,膳食,腾食,corrected,high,批量规则修正；逐条保留上下文。
165,full,训任方法多样，提高饮食兴趣和艺术。熟能生巧，多多 练习，人人都可实践平衡腾食目标。 | (二 ) 食物能量和营养素密度的定义与计算 | 在比较一,腾食,膳食,腾食,corrected,high,批量规则修正；逐条保留上下文。
166,full,"养素参考值 (NRV% ) 也是对营养素含 量高低的表达方式。 (=) 豪调方法对食物营养素损失的影响 食物是人体获得所需营养素的重要途径,适当的赢",豪调,烹调,豪调,corrected,medium,批量规则修正；逐条保留上下文。
168,full,。 食物制备生熟分开，熟食二次加热要热透。 ~ 。 讲究卫生，从分餐公策做起。 申 。 珍惜食物，按需备餐，提倡分餐不浪费。 。 做可持续食物,公策,公筷,公策,corrected,high,页图核对：准则八语境均为公筷；公勺搭配由 body_text_corrections 精确修正。
168,full,第 168 页 > 章节：准则八 公筷分餐，杜绝浪费 准则八_公策分餐，杜绝浪费 加强饮食卫生安全，是通过饮食能得到足够的营养、增强体质、,公策,公筷,公策,corrected,high,页图核对：准则八语境均为公筷；公勺搭配由 body_text_corrections 精确修正。
172,full,死几乎所有的致病微生物。世界卫生组织发布的《食品安 全五大要点》中指出，训调食物达到 70%或以上时，有助于保证食用安全。因此，在 对食物卫生状况没,训调,烹调,训调,corrected,medium,批量规则修正；逐条保留上下文。
172,full,"M, 要把食物者至沸腾，并持续煮沸至少 1 分钟。 西餐中，描述牛、羊肉豪调程度的术语一般有三种，即生 (are), EAE BBR (medium",豪调,烹调,豪调,corrected,medium,批量规则修正；逐条保留上下文。
172,full,准则八 公筷分餐，杜绝浪费 > 表格候选：表 1-60 适当温度的豪调可以杀死几乎所有的致病微生物。世界卫生组织发布的《食品安 全五大要点》中,豪调,烹调,豪调,corrected,medium,批量规则修正；逐条保留上下文。
175,full,", At, EE ) 在家也要分清“你我""，多准备一些策子和 勺子作为公策公怀，做到来菜感汤用公策公 “emwaan wnaxnaee | 与",公策,公筷,公策,corrected,high,页图核对：准则八语境均为公筷；公勺搭配由 body_text_corrections 精确修正。
175,full,一个人都 本 应该遵守规定，拒绝食用保护类和野生 动物。 (=) 使用公策公勺，采用分餐，保障饮食安全 根据 WHO 统计，疾病的各类传播途径中，,公策,公筷,公策,corrected,high,页图核对：准则八语境均为公筷；公勺搭配由 body_text_corrections 精确修正。
175,full,"在家也要分清“你我""，多准备一些策子和 勺子作为公策公怀，做到来菜感汤用公策公 “emwaan wnaxnaee | 与相互不乱用碗征。如果有条",公策,公筷,公策,corrected,high,页图核对：准则八语境均为公筷；公勺搭配由 body_text_corrections 精确修正。
175,full,"食之的“分餐”方式，就餐时一人一小份，每个人餐具相对独立,或者 第 使用公策公与，可以有效地降低经口、经唾液传播传染性疾病的发生和交叉感染的风 。",公策,公筷,公策,corrected,high,页图核对：准则八语境均为公筷；公勺搭配由 body_text_corrections 精确修正。
176,full,"MIR, NOAA 1. 分餐制形式包括服务员在餐桌分 明和餐桌，提供公策公司;或者提供上菜前分“| 餐、上菜前分父、自助餐、“一人份""等 |",公策,公筷,公策,corrected,high,页图核对：准则八语境均为公筷；公勺搭配由 body_text_corrections 精确修正。
176,full,的“新家庭计划”任务。新家 RB 庭不仅应营造卫生的家庭环境和培养分餐、公策公怀等饮食卫生习惯，以建立起新家 庭的文明健康生活方式，也应倡导每个人都,公策,公筷,公策,corrected,high,页图核对：准则八语境均为公筷；公勺搭配由 body_text_corrections 精确修正。
176,full,"发”颜色七彩、味道上乘的“美食""，创造背养健康的“家的味道""。因为在家训调， 餐桌文化中便注了对家人的情感和希望。 2. 餐馆餐饮，多措并举，提供",训调,烹调,训调,corrected,medium,批量规则修正；逐条保留上下文。
177,full,"是餐馆就餐，无论从现代文明出发，还是从疾病预防、公共 卫生角度而论，使用公策公怀、推行分餐制都应是一场积极推行的“餐桌革命""。 (四 ) 珍惜食物、",公策,公筷,公策,corrected,high,页图核对：准则八语境均为公筷；公勺搭配由 body_text_corrections 精确修正。
178,full,"物消费,减少油、盐、糖、深加工食品和畜肉类食物的过度消费，向平衡 /合理腾食转变，也有利于社会可持续发展。 减少机排放，对生物多样性、土地、水、养“",腾食,膳食,腾食,corrected,high,批量规则修正；逐条保留上下文。
180,full,年新冠肺炎疫情期间，从减少疾病传播的角度，许多单位和部门开始大力推行“公策 BAY” 无论是分餐或份餐还是公勺公筑，对于我国来说均是迈向新食尚的总,公策,公筷,公策,corrected,high,页图核对：准则八语境均为公筷；公勺搭配由 body_text_corrections 精确修正。
181,full,使居民在食物购买和消费方面的 便利性得到很大的提高，也大大影响了消费者的腾食行为和饮食方式，以及食品安全。 1 ) 在外就餐和外卖， 来自中国营养与,腾食,膳食,腾食,corrected,high,批量规则修正；逐条保留上下文。
184,full,| 人二 人们获得的粮食不仅要满足吃饱，而且要满足其积极、健康生活的腾食需要和 食物喜好。 470 <!-- pdf-page:185 --,腾食,膳食,腾食,corrected,high,批量规则修正；逐条保留上下文。
185,full,awer ene te. a <0. ai 食物政策环境 _ 合理腾食 和食品 质量 餐饮和 ae Beas 时间 购买力 知识 a,腾食,膳食,腾食,corrected,high,批量规则修正；逐条保留上下文。
186,full,"播，成为社会风气和人饮食文化整体提升的力量之源。 (3 ) 美学文化: 腾食美学是我国人饮食文化的显著特点,“烹”“调”“配”无不成为 | 美味、",腾食,膳食,腾食,corrected,high,批量规则修正；逐条保留上下文。
186,full,标志。近年来越来越多的人认识到，传承优良饮食文化， 农 。。 对增强居民腾食指南的实践认同感和文化向心力有着重要作用，同时为中华民族饮食 拨 。。,腾食,膳食,腾食,corrected,high,批量规则修正；逐条保留上下文。
186,full,"食医"",“食医”作为皇家“营养师""，也许就是现代营养师的起源。一直以来，腾食 平衡、传统进补是中国养生文化的主导。 (2) 礼仪文化: 饮食礼仪在餐",腾食,膳食,腾食,corrected,high,批量规则修正；逐条保留上下文。
186,full,，如来自《黄帝内经》的“五谷 为养、五果为助、五畜为益、五菜为充”是现代腾食平衡观的起源。由于饮食中获取 营养和草药疗病两者的相互借助和影响，从“医,腾食,膳食,腾食,corrected,high,批量规则修正；逐条保留上下文。
187,full,明，开心进餐者患饮食 紊乱较少。经常在家吃晚饭的 9-14 岁孩子，可以摄和更多的蔬菜水果、更少的油炸 食品，这样的饮食更健康。研究表明，经常在家吃,摄和,摄入,摄和,corrected,medium,批量规则修正；逐条保留上下文。
187,full,现问题、改善不良情绪。国内研 第 究表明，相对家庭训制食物，在外就餐往往摄和更多的盐和脂肪。此外，研究发现在 部 外就餐与目前肥胖的流行有关。Nas,摄和,摄入,摄和,corrected,medium,批量规则修正；逐条保留上下文。
187,full,的饮料、糖、甜品和面包，无论男性或女性都是如此。 ef ， 一些国家的腾食指南中特别提到要回家吃饭和愉悦进餐 (take your time an,腾食,膳食,腾食,corrected,high,批量规则修正；逐条保留上下文。
191,full,合理、过度进食，身体活动不足、生活方式不健康等。孕期和 会 哺乳期妇女的腾食都应是由多种多样食物组成的平衡膳食以获得均衡营养，同时结合 腾 适宜的身,腾食,膳食,腾食,corrected,high,批量规则修正；逐条保留上下文。
191,full,生活方式改变，孕期和哺乳期妇女的营养和健康面临新 和攻 | 的挑帮，如腾食结构不合理、过度进食，身体活动不足、生活方式不健康等。孕期和 会 哺乳期,腾食,膳食,腾食,corrected,high,批量规则修正；逐条保留上下文。
192,full,"1~2 次动物血或肝脏、2-3 次海产 fk, 定期测量体重，合理安排腾食和身体活动，有助于维持孕前体重正常和孕期体重 银。 适宜增长，获得良好妊",腾食,膳食,腾食,corrected,high,批量规则修正；逐条保留上下文。
192,full,孕时期妇女可继续维持孕前平衡腾食，早孕反应严重影响进食 者，不必强调平衡腾食和规律进餐，应保证每天摄入至少含 130g 碳水化合物的食物。 孚中期开,腾食,膳食,腾食,corrected,high,批量规则修正；逐条保留上下文。
192,full,次动物血和肝脏普代瘦肉。 早孕反应不明显的孕时期妇女可继续维持孕前平衡腾食，早孕反应严重影响进食 者，不必强调平衡腾食和规律进餐，应保证每天摄入至,腾食,膳食,腾食,corrected,high,批量规则修正；逐条保留上下文。
193,full,0~200m1，坚果 10~20g。 (2) 超重 (24<BMI<28kgjmz ) 或肥胖 (BMIS28.0ke/m?) 的备孕妇女，应纠正不 |,kgjm,kg/m²,kgjm,corrected,medium,批量规则修正；逐条保留上下文。
193,full,着经济的发展和生活方式的改变，育龄妇女超重、肥胖问题日益突出，孕其 腾食摄和不合理、活动量不足，能量过剩和体重增长过多的现象较为普遍，铁、钙、 碘、,摄和,摄入,摄和,corrected,medium,批量规则修正；逐条保留上下文。
193,full,9ky/m?) 的妇女最适宜孕育，肥胖或低体重的 会 备孕妇女应通过合理腾食和适度运动，将体重逐渐调整至正常范围，并维持相对稳定。 Bf (1),腾食,膳食,腾食,corrected,high,批量规则修正；逐条保留上下文。
193,full,南 | 进行必要的营养储备，都需要额外的营养。妊娠期妇女应在孕前平衡腾食的基础上， 根据胎儿生长速率及母体生理和代谢变化适当调整进食量。孕早期胎,腾食,膳食,腾食,corrected,high,批量规则修正；逐条保留上下文。
193,full,"结合近 年的研究证据，对备孕和孕期妇女膳食指南进行了修订。建议在一般人群腾食指南 的基础上，备孕期和孕期妇女还应遵从上述 6条核心推荐,合理安排日常",腾食,膳食,腾食,corrected,high,批量规则修正；逐条保留上下文。
193,full,随着经济的发展和生活方式的改变，育龄妇女超重、肥胖问题日益突出，孕其 腾食摄和不合理、活动量不足，能量过剩和体重增长过多的现象较为普遍，铁、钙、,腾食,膳食,腾食,corrected,high,批量规则修正；逐条保留上下文。
194,full,。。 重值超出对应孕周适宜值的上下范围，提示增重过多或丰足，需要通过调整腾食和身 iE fe 孕前低体重 ( BMI<18.5 ) 妇女孕期增重适,腾食,膳食,腾食,corrected,high,批量规则修正；逐条保留上下文。
195,full,"含量丰富,吸收“| AE 分 率高，每日摄入瘦肉 50-100g，每周摄和人 1-2 含铁和维生素 C 丰富的菜肴 特 次动物血或肝脏 20-",摄和,摄入,摄和,corrected,medium,批量规则修正；逐条保留上下文。
195,full,，含铁16.8mg、维生素C | | 24mg 和 29mg。孕妇每天摄和人 20~50g 瘦肉可提 36mg。 供铁 1~2.5mg; 每周报,摄和,摄入,摄和,corrected,medium,批量规则修正；逐条保留上下文。
195,full,足机体对铁的需 his A babe RY re nn oe 于提高腾食铁的吸收与利用率。 @ oa ny) ae 3 ( #S 1m 50g,腾食,膳食,腾食,corrected,high,批量规则修正；逐条保留上下文。
196,full,期妇女，可继续保持孕前平衡膳食， 孕吐较明显或食欲不佳者不必过分强调平衡腾食和规律进餐，可根据个人的饮食喜好 184 <!-- pdf-page,腾食,膳食,腾食,corrected,high,批量规则修正；逐条保留上下文。
197,full,-3 | 和口味选用清淡适口、容易消化的食物，少食多餐，尽可能多地摄和人食物，特别是富 | 含碳水化合物的谷薯类食物。为保证最基本的能量供,摄和,摄入,摄和,corrected,medium,批量规则修正；逐条保留上下文。
198,full,乳喂养至婴儿 6 月龄的心理 准备。 营养准备: 孕期增加的能量和营养素摄和人，除满足母体和新生命的需要外，也有 一部分是为产后泌乳进行必要的营养储,摄和,摄入,摄和,corrected,medium,批量规则修正；逐条保留上下文。
198,full,对胎儿脑和视网膜功能发育有益，最好每周食用 2~3 次。如果大豆和坚果 摄和人量达不到推荐量，则需要适量增加动物性食物。 8. 孕期如何进行适当的身,摄和,摄入,摄和,corrected,medium,批量规则修正；逐条保留上下文。
200,full,"也称为“月子” at “坐月子""。月子饮食常被过分重视，月子期间往往过量摄和人肉类和和蛋类，以致能量和 | 脂肪摄和过剩; 许多地区月子风俗甚至还",摄和,摄入,摄和,corrected,medium,批量规则修正；逐条保留上下文。
200,full,"其中包括蛋 zi, 类 50g )。为满足蛋白质、能量和钙的需要，还要摄和 25g 大豆 (或相当 ee 量的大豆制品 )、10g 坚果、300",摄和,摄入,摄和,corrected,medium,批量规则修正；逐条保留上下文。
200,full,常被过分重视，月子期间往往过量摄和人肉类和和蛋类，以致能量和 | 脂肪摄和过剩; 许多地区月子风俗甚至还保留着不同的食物禁忌，如不吃或少吃蔬菜、,摄和,摄入,摄和,corrected,medium,批量规则修正；逐条保留上下文。
200,full,外，乳母的膳食还会影响乳汁的滋味和气味，对婴儿未来接受食物和奸 立多样化腾食结构产生重要影响。 产裤期是指孕妇从胎儿、胎盘自身体娆出，直到除乳腺外各,腾食,膳食,腾食,corrected,high,批量规则修正；逐条保留上下文。
200,full,更多的营养。 与非哺乳妇女一样，乳母的膳食也应该是由多样的食物组成的平衡腾食，除保证哺乳 期的营养需要外，乳母的膳食还会影响乳汁的滋味和气味，对婴儿,腾食,膳食,腾食,corrected,high,批量规则修正；逐条保留上下文。
201,full,，动物性食物摄人过多，致产后体脂含量及 体重滞留率较高; 也存在某些食物摄和人不足或不均衡，致乳汁分泌不足及母乳成分中 某些微量营养素缺乏，进而影响,摄和,摄入,摄和,corrected,medium,批量规则修正；逐条保留上下文。
201,full,"(ROL. HB, ALAMO RARE RA, Saw | 到正常腾食。剖宫产的产妇，手术后约 24 bet ARAL, MP RHE 1",腾食,膳食,腾食,corrected,high,批量规则修正；逐条保留上下文。
201,full,合近年 来的研究证据，对哺乳期妇女膳食指南进行了修订。建议乳母在一般人群腾食指南基 础上，还要遵从上述 5条核心推荐，在实践中加以应用。 【实践应用,腾食,膳食,腾食,corrected,high,批量规则修正；逐条保留上下文。
202,full,可以适当增加大豆制品，减少动物性食物，反之 亦可。 根据乳母一天各类食物摄和人量的建议值，给出实例以供参考，见表 2-4。 中 表2-4 乳母一天,摄和,摄入,摄和,corrected,medium,批量规则修正；逐条保留上下文。
203,full,240kg/d。 | | 按照碘盐摄入量 gd 计算，每天通过食盐摄和人碘量约 100kg。因此，乳母要达到 ) | 240jue/d B,摄和,摄入,摄和,corrected,medium,批量规则修正；逐条保留上下文。
203,full,"HEELS | 1 000mg 钙的食物组合举例见表 2-6, 乳母腾食碘推荐摄入量比非孕非哺乳女性增加 120ug/d，总量达到 240kg/",腾食,膳食,腾食,corrected,high,批量规则修正；逐条保留上下文。
203,full,"| 2. 如何保证充足的优质蛋白质和维生素 A 的摄入 | 乳母腾食蛋白质需要有所提高，在一般成年女性基础上每天增加 25g. fh, a",腾食,膳食,腾食,corrected,high,批量规则修正；逐条保留上下文。
205,full,后体重管理主要 条 包括两个主要内容，@监测和评估产后体重; @通过合理腾食和充足身体活动等综合 会 措施，使产后女性逐渐达到并维持健康体重 (BM,腾食,膳食,腾食,corrected,high,批量规则修正；逐条保留上下文。
205,full,理营养是乳计分泌的物质基础，而食物多样是充足营养的保障。乳母应做 到合理腾食，食物多样，对健康食物不用有禁忌。 (2) 调整产后心理和情绪。产后乳母,腾食,膳食,腾食,corrected,high,批量规则修正；逐条保留上下文。
205,full,的纯母乳喂养有助于孕期储存脂肪的消耗 和体重恢复。 | (2 ) 合理腾食和适宜身体活动联合干预被认为是产后体重管理最安全有效的措施。 | 中国,腾食,膳食,腾食,corrected,high,批量规则修正；逐条保留上下文。
208,full,喂养指南 本指南适用于出生后至满 2 周岁的婴幼儿，是独立于一般人群腾食指南之外的针 对婴幼儿的喂养指导。出生后至满 2 周岁阶段，构成生命早期,腾食,膳食,腾食,corrected,high,批量规则修正；逐条保留上下文。
212,full,母乳营养好 坏的依据。 | 母乳中的大部分物质并不是直接来源于母体当前摄和人的膳食成分，而是直接或间 | 接来源于母体内营养储备，这是人类在进化,摄和,摄入,摄和,corrected,medium,批量规则修正；逐条保留上下文。
212,full,以及母乳成分测定结果来判定母乳营养价值 母乳颜色、黏稠度与哺乳阶段、母亲腾食和饮水，以及内循环等因素密切相关。 比如初乳比成熟乳颜色淡，但富含免疫因,腾食,膳食,腾食,corrected,high,批量规则修正；逐条保留上下文。
213,full,备，通过专业和严说的 技术操作，测定这些含量指标，其结果可以用于指导乳母腾食改善的建议。尽管如此， 这些指标仍然不能作为否定母乳优越性的依据。 4，,腾食,膳食,腾食,corrected,high,批量规则修正；逐条保留上下文。
213,full,量差异和变化是源于母亲个体差异及泌乳过程中的成分波动， 并不都能反映母亲腾食状况或营养状况的轻微变化。有一部分母乳成分的含量受乳母 自身储备和膳食状,腾食,膳食,腾食,corrected,high,批量规则修正；逐条保留上下文。
220,full,婴儿获得纯母乳喂养的必要保证。如果新 生儿第一口不是尽乳，而是配方怒，所报信的异原蛋白质，可能成为引起迟发型过第 反应的过敏原。因为，新生儿肠道肠荆,报信,摄入,报信,corrected,medium,批量规则修正；逐条保留上下文。
222,full,儿养成良好的睡电习惯。 | 由于个体差异，不同婴儿的胃容量、每次哺乳时摄和人乳量、睡眠状态存在差异，回应 婴儿表现出的饥俄反应进行哺乳，可更好地兼,摄和,摄入,摄和,corrected,medium,批量规则修正；逐条保留上下文。
224,full,接人触日光机会有限 维生素D 可在日光中紫外线照射下由皮肤合成也可以通过腾食补充。新生儿皮肤 | 已具备合成足够维生素 D 的能力，而现代生活条件,腾食,膳食,腾食,corrected,high,批量规则修正；逐条保留上下文。
226,full,家庭氛围，给巴 母亲充分的理解，有助于减轻哺乳期间的不良情绪。家庭对腾食的重视，也可为母亲 | 哺乳期间的营养提供必要的保证。 214 <,腾食,膳食,腾食,corrected,high,批量规则修正；逐条保留上下文。
227,full,性代谢疾病; @母亲患病，如传染病、精神病; OF: | 素因各种原因摄和药物和化学物质; @轩经专业人员指导和各种努力后，乳半分泌仍 不足。 4,摄和,摄入,摄和,corrected,medium,批量规则修正；逐条保留上下文。
237,full,有充分证据显示满 6 月龄前开始添加辅食的健康益处 2020 年美国腾食指导咨询委员会的一项系统综述，检索从 1980 年 1月至2016 |,腾食,膳食,腾食,corrected,high,批量规则修正；逐条保留上下文。
243,full,"HI, BOR, HARES ARAL AD, ATL Roh LEE BERE 腾 量，但一般缺乏铁、锌、钙、维生素 A 等营养素。@@动物性食物，",BERE,BERE,BERE,uncertain_registered,low,上下文不足，先登记；残留正文噪声由 body_text_corrections 按页图精确修正。
243,full,早期引入易过敏食物可诱导免疫耐受，从而减少过敏 有 2020 年美国腾食指导咨询委员会的系统综述表明，在婴儿4 月龄后适时引入花 L 生和鸡蛋,腾食,膳食,腾食,corrected,high,批量规则修正；逐条保留上下文。
244,full,"品。 。 辅食应含有适量油脂。 由 。 1 岁以后逐渐尝试淡口味的家庭腾食。 2 RS 南 Qe. Lac | 、 | , 232 <",腾食,膳食,腾食,corrected,high,批量规则修正；逐条保留上下文。
245,full,"aie, Mee. | 4. 100% 的纯果汁不同于果泥 | BERET. 100% ARTE HR, RERESPHR A ALE, MPE",BERE,BERE,BERE,uncertain_registered,low,上下文不足，先登记；残留正文噪声由 body_text_corrections 按页图精确修正。
246,full,幼儿 | 添加辅食的最终目的是在 24 月龄时过渡到由多样化食物组成的腾食模式，因此鼓 励 13~24 月擒幼儿尝试家庭食物，并可在满 24 月龄,腾食,膳食,腾食,corrected,high,批量规则修正；逐条保留上下文。
246,full,的油脂，尤其是富含 w- 亚麻酸的油脂，因 o- 亚麻酸的食物来源有限，腾食摄 人量低。富含 w- 亚麻酸的油脂有亚麻籽油、胡麻油、核桃油、大豆油和,腾食,膳食,腾食,corrected,high,批量规则修正；逐条保留上下文。
247,full,反应关系。 其 | 因此 WHO 强烈推荐，在全生命周期都应减少糖的摄和。 3. 生命早期体验影响婴幼儿口味发展 ， 生命早期 1000 天,摄和,摄入,摄和,corrected,medium,批量规则修正；逐条保留上下文。
250,full,止。 4. 7~24 月龄婴幼儿的一日膳食安排 7-24 月龄婴幼儿一日腾食可大致安排如下: 早上7 点: 母乳。可乏渐添加其他食物，如尝试家庭早餐,腾食,膳食,腾食,corrected,high,批量规则修正；逐条保留上下文。
250,full,"进食。 Wee Ok: PL. WER, ALFIE UC. a 以上腾食安排可根据家庭生活习惯、妈妈的工作等作适当的调整。例如妈妈已经 晤。 上",腾食,膳食,腾食,corrected,high,批量规则修正；逐条保留上下文。
256,full,"长曲线从 Pw 快速下降到 已，说明近期体重增长缓慢，可能 由 存在营养摄和不足，应进一步了解近期是否有疾病,号养不良等，而当体重生长曲线 EA P",摄和,摄入,摄和,corrected,medium,批量规则修正；逐条保留上下文。
258,full,58 页 > 章节：7-24 月龄婴幼儿喂养指南 | 三、儿童腾食指南 本指南适用于满 2 周岁至不满 18 周岁的未成年人(简称为“2~,腾食,膳食,腾食,corrected,high,批量规则修正；逐条保留上下文。
258,full,养素需要量较高，但消化系统 尚未完全成熟，咀嚼能力较差，因此其食物的加工豪调应与成人有一定的差异。随着 2~5 岁儿童生活自理能力不断提高，自主性、,豪调,烹调,豪调,corrected,medium,批量规则修正；逐条保留上下文。
259,full,"谢旺盛、活动量大、出汗多，需 和 要及时补充水分，建议每天水的总摄和人量为 (含饮水和汤、奶等 ) 1300~1 600ml, Jt ，",摄和,摄入,摄和,corrected,medium,批量规则修正；逐条保留上下文。
259,full,。 家庭和托幼机构应遵循食物丰富、规律就餐原则安排学龄前儿童的 腾食和餐次，注重合理亭调，控制高盐、高脂、高糖食品及含糖饮料摄 入。有意识,腾食,膳食,腾食,corrected,high,批量规则修正；逐条保留上下文。
259,full,于 ?5 岁儿童的生理特点、彰养需要以及饮食习惯培养规律，结合其 二 腾食营养和饮食行为现状，在一般人群膳食指南基础上增加的5 条核必 poy,腾食,膳食,腾食,corrected,high,批量规则修正；逐条保留上下文。
259,full,健康成长。 a 南 | 学龄前儿童的均衡营养应由多种食物构成的平衡腾食提供，规律就餐是儿童获得 i 全面充足的食物摄入、促进消化吸收和建立,腾食,膳食,腾食,corrected,high,批量规则修正；逐条保留上下文。
259,full,试 | 新食物的味道、质地，提高对食物的接受度，强化之前建立的多样化腾食模式。随着 k 儿童自我意识、模仿力和好奇心增强，容易出现挑食、,腾食,膳食,腾食,corrected,high,批量规则修正；逐条保留上下文。
260,full,1. 学龄前儿童的合理膳食及餐次安排 is 膳食安排;学龄前儿童的腾食应由多样化食物构成，建议平均每天食物种类数达 = B12 种以上，每周达,腾食,膳食,腾食,corrected,high,批量规则修正；逐条保留上下文。
260,full,前儿童 创建积极的身体活动支持环境。 学龄前儿童的身高、体重能直接反映其腾食侣养和生长发育状况，应定期监测儿 章身高、体重等体格指标，及时发现儿童营,腾食,膳食,腾食,corrected,high,批量规则修正；逐条保留上下文。
260,full,种; 午餐 5-6种; 晚餐4.5种; 加餐 1-2 种。 为了让儿童腾食更加丰富，推荐以下几种方法，@小份量选择; @@与家人共餐; OMXAW,腾食,膳食,腾食,corrected,high,批量规则修正；逐条保留上下文。
260,full,多接触、观察和认识食 物的机会; 在保证安全前提下鼓励儿童参与食物选择和训调加工过程，增进对食物的 认知和喜爱，培养苯重和爱惜食物的意识。 积极规律,训调,烹调,训调,corrected,medium,批量规则修正；逐条保留上下文。
260,full,品尝和接纳食物的自然味道。建议多采用敬、者、炖，少用前、炒的方式加工豪调食 物，有利于儿童食物消化吸收、控制能量摄入过多以及淡口味的培养。 家庭,豪调,烹调,豪调,corrected,medium,批量规则修正；逐条保留上下文。
260,full,，建议平均每天食物种类数达 = B12 种以上，每周达到 25 种以上，豪调油和调味品不计算在内。 按照食物大类建议; (1) 谷类、蓝类及杂豆,豪调,烹调,豪调,corrected,medium,批量规则修正；逐条保留上下文。
262,full,或饮奶时加用乳糖栈。 添加糖是指人工加入食品中的糖类包括单痢和双糖，过量摄和添加糖会对学龄前 儿童的健康造成危害，增加患肥胖 、龋此等疾病的风险，推,摄和,摄入,摄和,corrected,medium,批量规则修正；逐条保留上下文。
263,full,制品、饼干等中含盐量较多，不建议儿童经 上 常食用。此外，如果儿童腾食中使用味精或鸡精，不仅增加钠的摄入量，还会影响儿 | | 251 |,腾食,膳食,腾食,corrected,high,批量规则修正；逐条保留上下文。
265,full,". SEFRLEBMLEEPEKR AAR, RUSHES ， 现平衡腾食的前提条件。 4 2-5岁是儿童健康饮食行为培养的关键时期。 4 规律就",腾食,膳食,腾食,corrected,high,批量规则修正；逐条保留上下文。
265,full,发育水平的动态变化，判断其营养状况，并根据儿童体格指标变化及时进行 第 腾食和运动指导。建议学龄前儿童每半年测量一次身高和体重。根据我国卫生行业标准,腾食,膳食,腾食,corrected,high,批量规则修正；逐条保留上下文。
265,full,，预防超重肥胖和近视，促进身心健康。 | | 4 体格生长指标与儿童腾食质量和营养状况密切相关，定期体格测量可及时发现和纠 正儿童营养健康问题，,腾食,膳食,腾食,corrected,high,批量规则修正；逐条保留上下文。
266,full,营养是其正常生长发育，帮至一生健康的物质保障，因此，更需要强 | 齐全再腾食。 rs 学龄期是建立健康信念和形成健康饮食行为的关键时期。学龄儿童,腾食,膳食,腾食,corrected,high,批量规则修正；逐条保留上下文。
267,full,"HR, SOW. SH | 因素在其中起着至关重要的作用。党养素养与腾食营养摄入及健康状况密切相关。学 龄儿童应主动学习营养健康知识，建立为自",腾食,膳食,腾食,corrected,high,批量规则修正；逐条保留上下文。
267,full,立科学的健康 所 观，正确认识自己的体型，定期测量身高和体重，通过合理腾食和充足的身体活动保 证适宜的体重增长，预防营养不足和超重肥胖。对于已经,腾食,膳食,腾食,corrected,high,批量规则修正；逐条保留上下文。
268,full,家庭成员应尽量在家就餐。家庭要提供多 RE AAA 样食物以满足平衡腾食的要求，制定家庭健康 | |饮食规则并加以实践，如每天保证吃一次水果,腾食,膳食,腾食,corrected,high,批量规则修正；逐条保留上下文。
268,full,，了解食物营养的基本知识，学会选择和搭配食物，了解相关安全常识和常用的 训调方法，承担力所能及的家务劳动。 (4) 学校构建健康食物环境 | 学校,训调,烹调,训调,corrected,medium,批量规则修正；逐条保留上下文。
270,full,择健康饮品 | (1) 天天喝奶 奶制品营养全面、丰富，学龄儿童每天应摄和 300ml 及以上液体奶或相当量的奶 258 <!-- pdf-p,摄和,摄入,摄和,corrected,medium,批量规则修正；逐条保留上下文。
274,full,严重的营养不祖，应及时 就医。 | (4) 预防和控制肥胖 应通过合理腾食和充足身体活动来保持学龄儿童体重的适家增长，预防肥胖的发 262 <,腾食,膳食,腾食,corrected,high,批量规则修正；逐条保留上下文。
275,full,的前提下调整腾食结构 、控制总能量摄 入，减少高精、高脂、高能量食物的摄和信，合理安排三餐。重度肥胖的儿童，应控制 每天能量摄入，严格限制高能量,摄和,摄入,摄和,corrected,medium,批量规则修正；逐条保留上下文。
275,full,"| ! Ac, 已经肥胖的儿童，要在保证正常生长发育的前提下调整腾食结构 、控制总能量摄 入，减少高精、高脂、高能量食物的摄和信，合理安排",腾食,膳食,腾食,corrected,high,批量规则修正；逐条保留上下文。
277,full,食物和吸收营养物质的能力，使他们容易出现蛋白 区 盖一 质、微量营养素摄和不足，产生消瘦、贫血等问题，降低了身体的抵抗 能力，增加恰患疾病的风险。,摄和,摄入,摄和,corrected,medium,批量规则修正；逐条保留上下文。
277,full,血等问题，降低了身体的抵抗 能力，增加恰患疾病的风险。 在一般成年人平衡腾食的基础上，应为老年人提供更加丰富多样的食物，特别是 易于消化吸收、利用，,腾食,膳食,腾食,corrected,high,批量规则修正；逐条保留上下文。
281,full,生素卫、类胡萝卜素、硒等抗氧化营 养素都有益于延缓肌肉衰减。因此，应增加摄和人富含 n-3 多不亿和脂肪酸、维生素D 的 海鱼类食物、和蛋黄，并食用,摄和,摄入,摄和,corrected,medium,批量规则修正；逐条保留上下文。
281,full,维生素D 水平。鼓励增加深色的蔬菜和水果以及豆类等富含抗氧化营养素食物的摄和人。 加 在医生或营养师的指导下合理补充维生素 D 和含多种微量营养素,摄和,摄入,摄和,corrected,medium,批量规则修正；逐条保留上下文。
283,full,BOR 死亡等不良事件风险增加的病症。 | 等食物的量是否与中国居民腾食指南中推荐的 、 后 摄人量基本相当。通过这些简单的自我测评， =,腾食,膳食,腾食,corrected,high,批量规则修正；逐条保留上下文。
283,full,健康寿命密切相关。在食物多样前提下，保证摄入足量的 动物性食物有助于提高腾食营养素密度和吸收利用率，预防营养不良，尤其是贫血、 低体重等。 4 摄入,腾食,膳食,腾食,corrected,high,批量规则修正；逐条保留上下文。
283,full,状况测评能够及时掌握老年人的营养和健康状况，实施有 | 针对性的个体化腾食改善。 | | PM ee eee hon eee | | 27,腾食,膳食,腾食,corrected,high,批量规则修正；逐条保留上下文。
283,full,"看进食的食物， |。 MARKED, 是 | 种类是否丰富，尽可能达到腾食指南中每天 12 | WORIBANSEAR, GERI TR i 种",腾食,膳食,腾食,corrected,high,批量规则修正；逐条保留上下文。
284,full,"、衰弱老年人往往存在 ,二进食受限， 味觉、嗅觉、消化吸收能力降低，童养摄和不足。因此需要 Sas LENBRKEED, LPSRMWAW, Si",摄和,摄入,摄和,corrected,medium,批量规则修正；逐条保留上下文。
284,full,) 或近期体重明显下降 的老年人，应进行医学营养评估，及早查明原因，从腾食上采取措施进行干预。如腾 食摄入不足目标量的 80%，应在医生和临床营养,腾食,膳食,腾食,corrected,high,批量规则修正；逐条保留上下文。
285,full,", ERATE. HL, ARID | | 少量多餐，保证充足的食物摄和人。进餐次数宜 pa ls et | RASA, BSS, UTE",摄和,摄入,摄和,corrected,medium,批量规则修正；逐条保留上下文。
285,full,AE 食要保证温度，尽量选用保温性能良好的餐具。 分 | 保证充足食物摄和的方法如下: 特 | (1) 吃好三餐。早和餐宜有1 个鸡蛋、 1杯,摄和,摄入,摄和,corrected,medium,批量规则修正；逐条保留上下文。
285,full,食品和营养素补充剂等。老年人坚持身体活动，有 益身心健康，延缓功能衰退。摄和丰富的食物品种，是保证平衡腾食的基础。正餐加 餐相结合，尽可能做多样化选,摄和,摄入,摄和,corrected,medium,批量规则修正；逐条保留上下文。
285,full,齿应及早拔除，缺失牙齿应及时进行 | | (2) 少量多餐。对于正餐摄和不足，容易 专业修复，确保假牙佩戴舒适。定期 | | | IHS,摄和,摄入,摄和,corrected,medium,批量规则修正；逐条保留上下文。
285,full,"情况，摄人充足的蛋白质，选择鱼肉、 瘦肉、会类、鸡蛋、奶制品等。做到合理腾食，食物多样，减少不必要的食物限制。 | AHH, SEERA, FUL",腾食,膳食,腾食,corrected,high,批量规则修正；逐条保留上下文。
285,full,持身体活动，有 益身心健康，延缓功能衰退。摄和丰富的食物品种，是保证平衡腾食的基础。正餐加 餐相结合，尽可能做多样化选择。 1多种方式鼓励进食，保证,腾食,膳食,腾食,corrected,high,批量规则修正；逐条保留上下文。
286,full,"AK IN 4 7 MECH. Qe MI, 和 4 y 属。。 豪调时间长一些，保证柔软，如 9 a BST ANT ol eet el",豪调,烹调,豪调,corrected,medium,批量规则修正；逐条保留上下文。
286,full,"Pa 老年人的口腔分辩能力减弱，应选择少带刺、带骨的食物。 采用合理的豪调方法，使 食物细软易于消化。具体措施; : DARREL, tO ti",豪调,烹调,豪调,corrected,medium,批量规则修正；逐条保留上下文。
288,full,应在两餐间使用，这样既可以达到营养补充目的，又不影响正 餐进餐。对不能报信普通食物的老年人，建议唆饮 ( 50~100mlh )，以改善营养状况，,报信,摄入,报信,corrected,medium,批量规则修正；逐条保留上下文。
289,full,"质、 | Me: GGL — RE ANB, ANU E 据中国居民腾食党养素参考摄人量 (DRIs )， MAE: | | 使用过程中既不",腾食,膳食,腾食,corrected,high,批量规则修正；逐条保留上下文。
293,full,"IL, MITRE IE WZ YUM, FAL | | 对素食人群的腾食提出科学指导很有必要。 | 基于信仰等因素已经选择素食者应给予尊重，对",腾食,膳食,腾食,corrected,high,批量规则修正；逐条保留上下文。
293,full,特别是发醇豆制品; 蔬菜水果含有丰富的维生素 C、B- | 胡草卜素、腾食纤维、矿物质及植物化学物应足量摄入;，洛类 CHEB) OA 1-3 多,腾食,膳食,腾食,corrected,high,批量规则修正；逐条保留上下文。
294,full,总 题从而及时调整饮食结构。 | 素食人和群腾食除动物性食物外，能量摄和信和其他食物的种类与一般人群腾食类似， | 因此，除了动物性食物，一般,摄和,摄入,摄和,corrected,medium,批量规则修正；逐条保留上下文。
294,full,| 素食人和群腾食除动物性食物外，能量摄和信和其他食物的种类与一般人群腾食类似， | 因此，除了动物性食物，一般人群腾食指南的基本原则也适用于素,腾食,膳食,腾食,corrected,high,批量规则修正；逐条保留上下文。
294,full,其他食物的种类与一般人群腾食类似， | 因此，除了动物性食物，一般人群腾食指南的基本原则也适用于素食。对于自由选择 | 全素者而言，蛋奶素可能更,腾食,膳食,腾食,corrected,high,批量规则修正；逐条保留上下文。
294,full,由选择 | 全素者而言，蛋奶素可能更容易达到营养目标。推荐全素和蛋奶素腾食食物组成见表 2-16。 表 2-16 ”全素和蛋奶素成年人的推荐膳食,腾食,膳食,腾食,corrected,high,批量规则修正；逐条保留上下文。
294,full,，以尽早发现潜在的营养问 总 题从而及时调整饮食结构。 | 素食人和群腾食除动物性食物外，能量摄和信和其他食物的种类与一般人群腾食类似， | 因,腾食,膳食,腾食,corrected,high,批量规则修正；逐条保留上下文。
295,full,") 全谷物、杂豆类天天有 i 素食者应比非素食人和群增加全谷类食物的摄和人比例，主食中一半应为全谷物、杂 | 豆类,减少精制米面比例。选购食物",摄和,摄入,摄和,corrected,medium,批量规则修正；逐条保留上下文。
295,full,其制品、蔬菜水果类和坚果，搭配恰当，使各类食物营 。。 短 养互补，每天摄和的食物种类至少为 12 种，每周至少为 25 种，满足人体对各种营养 会,摄和,摄入,摄和,corrected,medium,批量规则修正；逐条保留上下文。
295,full,2. 如何提高谷类食物摄入量 (1 ) 餐餐有谷类 谷类食物是素食人群腾食中的关键部分，对于素食者来说应更好地享用，如大米 饭、面食等，每餐不少于,腾食,膳食,腾食,corrected,high,批量规则修正；逐条保留上下文。
295,full,的全部营养素，为保证素食者的营养素需要， 学 素食人和群应认真设计自己的腾食，做到食物多样化。 分 |. 每天选用粮谷类、大豆及其制品、蔬菜水果类,腾食,膳食,腾食,corrected,high,批量规则修正；逐条保留上下文。
296,full,"R Lent, 微生物的生长繁殖，可合成少量的维生素Ba。 四 _ BERETA ARE B 含量的多少，除与微生 | 贴十: ， 的品种有关外",BERE,BERE,BERE,uncertain_registered,low,上下文不足，先登记；残留正文噪声由 body_text_corrections 按页图精确修正。
300,full,、加拿大、澳大利亚、日本、 长 意大利、西班牙等，我国出版的《中国居民腾食指南 (2016 )》首次由中国营养学会制 生 定了针对素食人群的膳食,腾食,膳食,腾食,corrected,high,批量规则修正；逐条保留上下文。
300,full,口感甚至口味都极为相似的一 类食物，是我国丰富饮食文化中的一种。传统仿荤腾食选用一些与某种药菜形态相似 的素料加工成素鸡、素芍、素海参、素鲍鱼等食物,腾食,膳食,腾食,corrected,high,批量规则修正；逐条保留上下文。
300,full,的进展 随着素食人群比例的增多，素食者的腾食指南也逐渐被一些国家制定国民腾食指 | 由 南时考虑到。目前具有素食膳食指南的国家有美国、英国、加拿大,腾食,膳食,腾食,corrected,high,批量规则修正；逐条保留上下文。
300,full,群蛋白质、不饱和脂肪酸和维生素的良好来源。 国外的仿肉食物和我国传统仿莹腾食类似，模拟加工肉类产品，大多数由大豆蛋 白和获质(小麦蛋白) 制成，有时,腾食,膳食,腾食,corrected,high,批量规则修正；逐条保留上下文。
300,full,这一饮食方式。 3. 素食指南的进展 随着素食人群比例的增多，素食者的腾食指南也逐渐被一些国家制定国民腾食指 | 由 南时考虑到。目前具有素食膳,腾食,膳食,腾食,corrected,high,批量规则修正；逐条保留上下文。
301,full,含有营养成分外，还含有许多其他有益健康的 | 成分，也是一个可持续的腾食方式。只有当腾食不能满足营养需要时，素食者才需要 由 根据自身的生理,腾食,膳食,腾食,corrected,high,批量规则修正；逐条保留上下文。
301,full,还含有许多其他有益健康的 | 成分，也是一个可持续的腾食方式。只有当腾食不能满足营养需要时，素食者才需要 由 根据自身的生理特点和营养需求，,腾食,膳食,腾食,corrected,high,批量规则修正；逐条保留上下文。
304,full,> 章节：第三部分 平衡膳食模式和编写说明 第三部分“平衡膳食模式和腾食指南编写说明 本部分内容主要包括膳食指南修订指导思想、原则和研究程序，对,腾食,膳食,腾食,corrected,high,批量规则修正；逐条保留上下文。
304,full,中国营养学会组织专家分 IF 1997 年、2007 年、2016 年对腾食指南进行了 3 次修订。第四版《中国居民膳食 指南(2016 )》在 2,腾食,膳食,腾食,corrected,high,批量规则修正；逐条保留上下文。
304,full,国营养学会组织了《中国居民腾食指南 (2016 ) 》的修订工作，成立腾食指南修订专家 由 委员会和膳食与健康科学研究报告工作组。经过修订专家委,腾食,膳食,腾食,corrected,high,批量规则修正；逐条保留上下文。
304,full,委发布。受国家卫生健康委委托，2020 年中 国营养学会组织了《中国居民腾食指南 (2016 ) 》的修订工作，成立腾食指南修订专家 由 委员会和,腾食,膳食,腾食,corrected,high,批量规则修正；逐条保留上下文。
304,full,要修订内容、 数据和证据来源给出说明，特别是对基于营养科学原则设计的平衡腾食模式的推理、 计算和膳食宝塔结构等给出了详尽说明。介绍了以江苏、浙江、福,腾食,膳食,腾食,corrected,high,批量规则修正；逐条保留上下文。
304,full,，我国人慢性病患 者基数仍将不断扩大。 | 2020 年，中国营养学会腾食指南修订专家委员会以营养科学原理为基础，针对当 前主要的公共卫生问题，紧,腾食,膳食,腾食,corrected,high,批量规则修正；逐条保留上下文。
305,full,st | | | 腾食指南强调建立良好膳食模式，而非某一个优选食物。腾食模式与饮食文化、 民族传统、社会和家庭等各方面均相关，需要将营养科学原则,腾食,膳食,腾食,corrected,high,批量规则修正；逐条保留上下文。
305,full,三部分 平衡膳食模式和编写说明 (一 ) 修订原则和程序 | 制定腾食指南的指导思想是使人类营养需求得到满足，并主要通过合理膳食来完 成。腾食,腾食,膳食,腾食,corrected,high,批量规则修正；逐条保留上下文。
305,full,为相关的关键 得 问题，排列优先次序和成本效益等，分析总结我国不同地区的腾食模式和饮食文化 训 并给予充分参考，最后形成研究报告和专家共识。 |,腾食,膳食,腾食,corrected,high,批量规则修正；逐条保留上下文。
305,full,"关注人群即孕妇和乳母、婴幼儿、儿童、老年人的膳食指南，还包括 素食人群的腾食指南。 * li 修订目标: VCAARUEA A WHA, TAUN",腾食,膳食,腾食,corrected,high,批量规则修正；逐条保留上下文。
305,full,分重视实用性、可操作性以 及关注食物系统的可持续发展。 | PES: 腾食指南以 2 岁以上健康人群为目标，鼓励尽早开始良好膳食行为的 | 培养,腾食,膳食,腾食,corrected,high,批量规则修正；逐条保留上下文。
305,full,大众更具有指导意义。 | 4. SRE Finest | | | 腾食指南强调建立良好膳食模式，而非某一个优选食物。腾食模式与饮食文化、 民族,腾食,膳食,腾食,corrected,high,批量规则修正；逐条保留上下文。
305,full,导准则 确定以食物为基础、强调腾食模式，是修订强调的主要原则。人类每日的腾食由 | 食物组成，而食物不仅仅是已知营养素的集合。因此提出强化指导“多,腾食,膳食,腾食,corrected,high,批量规则修正；逐条保留上下文。
305,full,或效益等，最终确定健康关联并获得专家一致性建议形成 | 共识。研究各国腾食指南的关键推荐和可靠证据，参考应用。 | 3. 以食物为基础，确定指导,腾食,膳食,腾食,corrected,high,批量规则修正；逐条保留上下文。
305,full,本，以营养科学原理、食物和健康关系的最 | 新科学证据为根据，在“平衡腾食模式”为核心指导思想下，优先考虑我国目前突出 的膳食营养共性问题。以食物,腾食,膳食,腾食,corrected,high,批量规则修正；逐条保留上下文。
305,full,考应用。 | 3. 以食物为基础，确定指导准则 确定以食物为基础、强调腾食模式，是修订强调的主要原则。人类每日的腾食由 | 食物组成，而食物不仅,腾食,膳食,腾食,corrected,high,批量规则修正；逐条保留上下文。
305,full,腾食指南的指导思想是使人类营养需求得到满足，并主要通过合理膳食来完 成。腾食指南修订专家委员会以公众健康需求和公众利益为宗旨，综合和总结食物和 健康,腾食,膳食,腾食,corrected,high,批量规则修正；逐条保留上下文。
305,full,"膳食指南。 人 修订方法和程序: 参考 WHO 指南制定原则和其他国家腾食指南的修订经验, 修订 其 | 专家委员会制定了中国居民膳食指南修订方法",腾食,膳食,腾食,corrected,high,批量规则修正；逐条保留上下文。
305,full,要方面。 Fh 1. 确定优先考虑的公共营养健康问题 ip 总结我国腾食营养和健康现况，研究和分析健康与饮食、运动和行为相关的关键 得 问题，排,腾食,膳食,腾食,corrected,high,批量规则修正；逐条保留上下文。
305,full,饮食文化、 民族传统、社会和家庭等各方面均相关，需要将营养科学原则与我国腾食传统结合， | | | 提出膳食指导准则和可视化图形建议。 | |,腾食,膳食,腾食,corrected,high,批量规则修正；逐条保留上下文。
306,full,来的6条核心推荐条目修订为 8条膳食准则， 新增关于规律进餐、会选会赢、公策分餐、杜绝浪费、饮食卫生等内容。一方面是因 为我国不健康生活方式仍然普遍,公策,公筷,公策,corrected,high,页图核对：准则八语境均为公筷；公勺搭配由 body_text_corrections 精确修正。
306,full,期科学 内涵。 我国江南及东南沿海一带地区社会经济发展综合水平较高，居民腾食营养状况相 | 对较好，该地区形成的膳食特点也是东方传统膳食模式向东方,腾食,膳食,腾食,corrected,high,批量规则修正；逐条保留上下文。
306,full,状况相 | 对较好，该地区形成的膳食特点也是东方传统膳食模式向东方健康腾食模式转变的好 | 范例。该地区膳食的主要特点是豪调清淡少盐，食物多样，,腾食,膳食,腾食,corrected,high,批量规则修正；逐条保留上下文。
306,full,统膳食模式向东方健康腾食模式转变的好 | 范例。该地区膳食的主要特点是豪调清淡少盐，食物多样，谷物为主，丰富的蔬菜水 | 果，经常吃鱼虾等水产品,豪调,烹调,豪调,corrected,medium,批量规则修正；逐条保留上下文。
307,full,了 30 余个定量 和定性描述性用语。例如描述食物概念的“合理膳食、健康腾食、全谷物、素食、营 养素密度等;描述营养素含量的富含、含有、高脂、高能量,腾食,膳食,腾食,corrected,high,批量规则修正；逐条保留上下文。
307,full,可视化、现代化。将食谱的成品通过图片 分 呈现，以方便大众学习和实践合理腾食，促进个人《家庭 ) 层面的合理膳食行动洲实。 。 时 | (=) 科学,腾食,膳食,腾食,corrected,high,批量规则修正；逐条保留上下文。
307,full,"和引用 a | ee ee eee ae a 和营养问题分析，以及国外腾食指南的研究。这些是膳食指南修订的基础性文件, 具 家 | 体资料来源和说",腾食,膳食,腾食,corrected,high,批量规则修正；逐条保留上下文。
307,full,密度更 加强调了食物能量前提下的营养素含量高低，对认识和选择食物达到平衡腾食，控制 营养不良和肥胖具有重要意义。 | 5. 追踪营养研究成果，使用,腾食,膳食,腾食,corrected,high,批量规则修正；逐条保留上下文。
307,full,"编写说明 | 4, 更新定性定量食物选择和膳食营养新概念 为准确理解腾食指南，也为今后培训和传播的一致性，修订和增加了 30 余个定量 和定性描",腾食,膳食,腾食,corrected,high,批量规则修正；逐条保留上下文。
309,full,) 应用概念及定义 a il 为更好地理解腾食指南的核心思想和内容，腾食指南修订专家委员对本指南中党 用慨念进行了明确和定义。把相对抽象、模糊或,腾食,膳食,腾食,corrected,high,批量规则修正；逐条保留上下文。
309,full,an 编 | (四 ) 应用概念及定义 a il 为更好地理解腾食指南的核心思想和内容，腾食指南修订专家委员对本指南中党 用慨念进行了明确,腾食,膳食,腾食,corrected,high,批量规则修正；逐条保留上下文。
309,full,其各种慢性病发生发 平 展的因果关系。 il 详细内容可查阅《中国居民腾食指南科学研究报告 (2021 )》 EB | 2. 主要数据分析和引,腾食,膳食,腾食,corrected,high,批量规则修正；逐条保留上下文。
309,full,持了不 | 同部分表述的一致性;同时也能帮助读者更好地理解关于食物 、腾食和运动指导的扒 | 荐建议，更加方便指南的贯彻落实。 | 未膳食指,腾食,膳食,腾食,corrected,high,批量规则修正；逐条保留上下文。
309,full,指南修订专家委员会根据相似概念和学科 | 理论，统一规范后而确定。 腾食指南中涉及的概念多属于两方面: 一是膳食定性的概念和相关描述 ( 表 3,腾食,膳食,腾食,corrected,high,批量规则修正；逐条保留上下文。
310,full,"ment, 2nd Edition | 9 tea 近年发表的食物、腾食与健康相关文献见参考文献部分 298 <!-- pdf-page:3",腾食,膳食,腾食,corrected,high,批量规则修正；逐条保留上下文。
310,full,"》 由人民卫生出版社出版， 杨月欣、杨晓光、孔灵芝、吴 ee 《我国的腾食指南 (1989)) AP 1K, RA. BRR BYE. BA ee",腾食,膳食,腾食,corrected,high,批量规则修正；逐条保留上下文。
311,full,| ook | : ; | 表 3-3 常见腾食定性术语和概念描述 腾食模式 (diet pattern) 亦称膳食结构，是指腾食中各食物的品种,腾食,膳食,腾食,corrected,high,批量规则修正；逐条保留上下文。
311,full,局| | : | | ook | : ; | 表 3-3 常见腾食定性术语和概念描述 腾食模式 (diet pattern) 亦称膳食结构,腾食,膳食,腾食,corrected,high,批量规则修正；逐条保留上下文。
311,full,第 | 竺特征。平衡腾食、地中海饮食以及 DASH 饮食通常被认为是健康腾食 三 部 | 东方健康膳食模式 ( eastern healthy d,腾食,膳食,腾食,corrected,high,批量规则修正；逐条保留上下文。
311,full,结构，是指腾食中各食物的品种、数量及其比例 eae 和消费的频率。腾食模式的形成是一个长期的过程，受一个国家或地区的人口、农 - 业生产、食,腾食,膳食,腾食,corrected,high,批量规则修正；逐条保留上下文。
311,full,语和概念描述 腾食模式 (diet pattern) 亦称膳食结构，是指腾食中各食物的品种、数量及其比例 eae 和消费的频率。腾食模式的形成,腾食,膳食,腾食,corrected,high,批量规则修正；逐条保留上下文。
311,full,预期寿命较高 ie 上 是一种不包含动物性肉类食物的膳食模式。根据不同腾食组成，又可分为全素食 = 6 素食 ( 纯素食 )、蛋奶素食、蛋素,腾食,膳食,腾食,corrected,high,批量规则修正；逐条保留上下文。
311,full,，其特点常包括少油盐、少深加工食品、多蔬果全谷物 第 | 竺特征。平衡腾食、地中海饮食以及 DASH 饮食通常被认为是健康腾食 三 部 | 东方,腾食,膳食,腾食,corrected,high,批量规则修正；逐条保留上下文。
312,full,“经常吃” 通常指每天必须吃，或倡导比以前摄入量多的意思 该食物是平衡腾食模式的基本组成部分， 但过少或过高摄入也可能增加某些慢性病 的发生风险，,腾食,膳食,腾食,corrected,high,批量规则修正；逐条保留上下文。
312,full,低于 ) 营养素推荐摄入量 指 南 由该食物提供的某营养素的量，占整个腾食营养素来源的 50% 以上 ( 实际调查数据 站 A 主要来源 或,腾食,膳食,腾食,corrected,high,批量规则修正；逐条保留上下文。
312,full,在膳食中提供的代表性营养素贡献的评价 由该食物提供的某营养素的量，占整个腾食营养素来源的30%~49% ( 实际调查 重要或良好 数据或平衡膳食模,腾食,膳食,腾食,corrected,high,批量规则修正；逐条保留上下文。
313,full,和健康文化传播密切相关，也是现 代社会经济发展的重要特征之一。 基于长期腾食不合理引起慢性病发病率和死亡率日益升高，WHO 发布《用更少支 | 出,腾食,膳食,腾食,corrected,high,批量规则修正；逐条保留上下文。
313,full,膳食模式，这是由于地域、文化、资源和信仰等不同而长 期传递所形成的结果。腾食模式的变迁与社会发展和健康文化传播密切相关，也是现 代社会经济发展的重要,腾食,膳食,腾食,corrected,high,批量规则修正；逐条保留上下文。
314,full,全球 195 个国家从 1990 年到 2017 年 15 种饮食因素的摄和人 量趋势，分析了世界各国因为饮食结构而导致的死亡率和疾病发生率。结果显,摄和,摄入,摄和,corrected,medium,批量规则修正；逐条保留上下文。
314,full,表现为畜肉类和油脂消费过多，而粗杂粮、薯类食物消费锐减，从而导致营养素 摄和人失衡和肥胖等慢性病高发等新营养问题。 不合理膳食是造成我国心血管疾病死,摄和,摄入,摄和,corrected,medium,批量规则修正；逐条保留上下文。
314,full,? 死亡数/干人 图 3-2 “不合理饮食结构对死亡率的贡献图 《中国腾食指南科学研究报告 ( 2021 ) 》中详细描述了我国不同地区的膳食现状,腾食,膳食,腾食,corrected,high,批量规则修正；逐条保留上下文。
314,full,食物摄入量偏少，且奶类和水果长期缺乏。 随着我国居民生活水平的不断提高，腾食结构发生变化，总体上膳食结构仍不尽合理， 主要表现为畜肉类和油脂消费过多,腾食,膳食,腾食,corrected,high,批量规则修正；逐条保留上下文。
315,full,种类和比例，特别是奶类 入 和豆类食物的摄入量，可能与当前多数人的实际报信量有一定的距离。但对于健康而 入 言，无论是南方还是北方、城市还是农村，,报信,摄入,报信,corrected,medium,批量规则修正；逐条保留上下文。
315,full,| | 是能量主要来源，体现了“谷类为主”的理念“谷类为主”是我国的腾食传统，实践 | | 证明对健康有益。另外，蔬菜、水果、大豆、坚果都是,腾食,膳食,腾食,corrected,high,批量规则修正；逐条保留上下文。
315,full,| 需要。平衡膳食模式是中国居民膳食指南的核心。 | 中国居民平衡腾食模式的设计和修订依据; 符合营养科学原理和中国居民膳食 | 营养素参考摄,腾食,膳食,腾食,corrected,high,批量规则修正；逐条保留上下文。
315,full,具有较高的身体活动量。 ， (=) 中国居民平衡腾食和构成 y 平衡腾食模式是经过科学设计的理想膳食模式。平衡膳食模式所推荐的食物种类 和比例能,腾食,膳食,腾食,corrected,high,批量规则修正；逐条保留上下文。
315,full,"况，应把平衡膳食作为一个营养目标，努力争取，逐步达到。 | 公设计平衡腾食模式完全符合不同能量水平下营养素的需要，见表3-5, WTI 指 ， 1",腾食,膳食,腾食,corrected,high,批量规则修正；逐条保留上下文。
315,full,原料生重可食部计 算的，每类食物又材盖了多种多样的食物，食物多样，是保障腾食平衡和合理营养的 | 1. 中国居民平衡腾食模式的特点 | (1),腾食,膳食,腾食,corrected,high,批量规则修正；逐条保留上下文。
315,full,及训饪用的油盐等。推荐的食物品 | 种丰富，每周 25 种以上，以保障腾食能量和营养素的充足供给，传承和发扬了“五谷 为养、五果为助、五畜为着、五,腾食,膳食,腾食,corrected,high,批量规则修正；逐条保留上下文。
315,full,合水平较高，居民腾 食营养状况相对较好，形成了东方传统腾食模式向东方健康腾食模式转变的良好范例。 为了方便描述和推广，把我国东南沿海一带的代表性饮食,腾食,膳食,腾食,corrected,high,批量规则修正；逐条保留上下文。
315,full,地区社会经济发展综合水平较高，居民腾 食营养状况相对较好，形成了东方传统腾食模式向东方健康腾食模式转变的良好范例。 为了方便描述和推广，把我国东南沿,腾食,膳食,腾食,corrected,high,批量规则修正；逐条保留上下文。
315,full,富，奶类豆类丰富等，并具有较高的身体活动量。 ， (=) 中国居民平衡腾食和构成 y 平衡腾食模式是经过科学设计的理想膳食模式。平衡膳食模式所推,腾食,膳食,腾食,corrected,high,批量规则修正；逐条保留上下文。
315,full,"文化特点和食物系统的可持续发展等。 平 我国地大物博，人口众多,平衡腾食模式所建议的食物种类和比例，特别是奶类 入 和豆类食物的摄入量，可能与",腾食,膳食,腾食,corrected,high,批量规则修正；逐条保留上下文。
315,full,样的食物，食物多样，是保障腾食平衡和合理营养的 | 1. 中国居民平衡腾食模式的特点 | (1) 食物多样: 中国居民平衡膳食模式包括五大类人体,腾食,膳食,腾食,corrected,high,批量规则修正；逐条保留上下文。
315,full,的膳食搭配原则。按照 2 000kcal 能量需求水 | 平《中国居民腾食指南 (2022 )》推荐的食物类别和重量塔型图见图 3-3。 | (,腾食,膳食,腾食,corrected,high,批量规则修正；逐条保留上下文。
315,full,，即洱盖 2 岁以上人和群能量需要量的肝食 龟 ， 值得注意的是，平衡腾食模式中提及的所有食物推荐量都是以原料生重可食部计 算的，每类食物又材盖了,腾食,膳食,腾食,corrected,high,批量规则修正；逐条保留上下文。
316,full,5 <5 <5 <5 <5 <5 <5 <5 is 注，腾食宝塔的能量范围在 1 600~2 400kcald，昔类为鲜重。 N 已,腾食,膳食,腾食,corrected,high,批量规则修正；逐条保留上下文。
317,full,性病不要超过 2 000mg ( 相当于 Sg th). 我国青少年糖的摄和人主要来自饮料，家庭和餐饮业误调油和 盐的用量也较大。油、盐、精是膳食指,摄和,摄入,摄和,corrected,medium,批量规则修正；逐条保留上下文。
317,full,7 | | : | 在 2 000kcal 能量需要量水平下，平衡腾食模式提供的主要营养素占其参考摄人量 | | 的百分比如图 3-4 所示,腾食,膳食,腾食,corrected,high,批量规则修正；逐条保留上下文。
317,full,能量和主要营养素供给分析 表3-5 提供了 2 岁以上所有健康人群平衡腾食的食物组成，按照表 3-5，计算理想 膳食模式提供的能量和主要营养素含量,腾食,膳食,腾食,corrected,high,批量规则修正；逐条保留上下文。
318,full,同类型食物 OR 提供的能量分布，可以看出植物性食物是能量的主要来源，占腾食总能最的 669左右。 表 3-7，不同能量需要水平的平衡腾食模式所提供,腾食,膳食,腾食,corrected,high,批量规则修正；逐条保留上下文。
318,full,要来源，占腾食总能最的 669左右。 表 3-7，不同能量需要水平的平衡腾食模式所提供能量和来源构成比 能量水平/kca 1 000 50 15,腾食,膳食,腾食,corrected,high,批量规则修正；逐条保留上下文。
319,full,。 过去几十年来，中国经济快速发展，人民生活发生了深刻变化。第 5 版腾食指南 更加注重在满足能量和背养素供应目标的前担下，积极引导促进低能邦、,腾食,膳食,腾食,corrected,high,批量规则修正；逐条保留上下文。
319,full,为食 泪 ， 物消费和人类健康指导性文件的一个重要部分，对于鼓励健康腾食模式，特别是鼓励 恩 ， 植物性食物消费、限制过度消费油盐精和深加工,腾食,膳食,腾食,corrected,high,批量规则修正；逐条保留上下文。
319,full,备食物来源 和 ， 合理性、食物资源适用性、经济可获得性等。中国居民腾食指南的修订，考虑了我几 到 食物资源、人均收入以及食物价格等因素，争取,腾食,膳食,腾食,corrected,high,批量规则修正；逐条保留上下文。
319,full,结构。 | | 1. HEUER PGi | | 中国居民平衔腾食宝塔 (Chinese Food Guide Pagoda，以下简称“宝,腾食,膳食,腾食,corrected,high,批量规则修正；逐条保留上下文。
319,full,蜂 ， 国可持续发展翅略时，食物消费、食物结构相关问题具有重要地位。腾食指南作为食 泪 ， 物消费和人类健康指导性文件的一个重要部分，对于鼓,腾食,膳食,腾食,corrected,high,批量规则修正；逐条保留上下文。
319,full,要是植物性食物为主， 入 其膳食模式是一种比较经济并有利于可持续发展的腾食模式。 x 食物是人类营养之源、生存之本，是整个社会可持续发展的基础,腾食,膳食,腾食,corrected,high,批量规则修正；逐条保留上下文。
319,full,记忆和理解，在以上研究的基础上，制作了膳食指南的宣传图形，包括 中国居民腾食宝塔、中国居民平衡冉食餐盘和中国儿童平衡草食算盘，以六释平衡腾 | :,腾食,膳食,腾食,corrected,high,批量规则修正；逐条保留上下文。
321,full,，深色蔬菜一般富含维和灵 生素、植物化学物和膳食纤维，推荐每天占总体蔬荣报信量的 1/2 以上。 - | 水果多种多样，包括仁果、浆果、核果、柑橘,报信,摄入,报信,corrected,medium,批量规则修正；逐条保留上下文。
321,full,600~2 400kcal 能量需要量水 分 平下，推荐成年人每天蔬菜摄和人量至少达到 300g， 水果 200-350g。蔬菜水果是膳食纤 x,摄和,摄入,摄和,corrected,medium,批量规则修正；逐条保留上下文。
321,full,总能量的 50%~65% )，也是多种 微量营养素和膳食纤维的良好来源。腾食指南中推荐 2 岁以上健康人群的膳食应做到 食物多样、合理搭配。谷类为主,腾食,膳食,腾食,corrected,high,批量规则修正；逐条保留上下文。
321,full,红暮等，可蔡代部分主食。 a7 第二层蔬菜水果 志 | 蔬菜水果是腾食指南中鼓励多摄入的两类食物。在 1 600~2 400kcal 能量需要,腾食,膳食,腾食,corrected,high,批量规则修正；逐条保留上下文。
321,full,馒头、烙饼、面包、饼干、麦片等。全谷物保留了天然谷物 的全部成分，是理想腾食模式的重要组成，也是腾食纤维和其他营养素的来源。杂豆 包括大豆以外的其他,腾食,膳食,腾食,corrected,high,批量规则修正；逐条保留上下文。
321,full,麦片等。全谷物保留了天然谷物 的全部成分，是理想腾食模式的重要组成，也是腾食纤维和其他营养素的来源。杂豆 包括大豆以外的其他干豆类，如红小豆、绿豆、,腾食,膳食,腾食,corrected,high,批量规则修正；逐条保留上下文。
322,full,12，推荐一 天中饮水和整体膳食 (包括食物中的水，汤、粥、奶等 ) 水摄和共计 2 700~3 000ml。 身体活动是能量平衡和保持身体健康的重,摄和,摄入,摄和,corrected,medium,批量规则修正；逐条保留上下文。
322,full,品消费中，我国居民摄人量一直很低，多吃各种 各样的乳制品，有利于提高乳类摄和人量。 大豆包括黄豆、黑豆、青豆，其常见的制品如豆腐、豆浆、豆腐干及千张,摄和,摄入,摄和,corrected,medium,批量规则修正；逐条保留上下文。
322,full,酸的需要。 本 我国居民食盐用量普遍较高，盐与高血压关系密切，限制食盐摄和人量是我国长期 =| 行动目标。除了少用食盐外，也需要控制隐形高盐食品,摄和,摄入,摄和,corrected,medium,批量规则修正；逐条保留上下文。
322,full,量是我国长期 =| 行动目标。除了少用食盐外，也需要控制隐形高盐食品的摄和人量。 Ld 酒和添加糖不是膳食组成的基本食物，毫饪使用和单独食用时也,摄和,摄入,摄和,corrected,medium,批量规则修正；逐条保留上下文。
322,full,示仍包含在可视化图形中，强调增加身体活动和足量饮水的 8 重要性。水是腾食的重要组成部分，是一切生命活动必需的物质，其需要量主要受 年龄、身体活动,腾食,膳食,腾食,corrected,high,批量规则修正；逐条保留上下文。
322,full,量水平下脂肪的摄 人量为 36~80g。其他食物中也含有脂肪，在满足平衡腾食模式中其他食物建议量的前提 下，误调油需要限量。按照 23~30g +S,腾食,膳食,腾食,corrected,high,批量规则修正；逐条保留上下文。
322,full,，描述了 | 一个人一餐中膳食的食物组成和大致比例。餐盘更加直观，一餐腾食的食物组合搭配 轮廓清晰明了。 310 <!-- pdf-page:,腾食,膳食,腾食,corrected,high,批量规则修正；逐条保留上下文。
322,full,左右 )。 油盐作为训饪调料必不可少，但建议尽量少用。推荐成年人平均每天训调油不超过 25~30g，食盐摄人量不超过 Sg。按照 DRls 的建议，,训调,烹调,训调,corrected,medium,批量规则修正；逐条保留上下文。
323,full,儿童应用腾食指南时，根据科 | 衡膳食原则转化各类食物份量的图形。平衡腾食算盘简单匀画了膳食结构图，给儿童 | 一个大致腾食恒式的认识。跑步的,腾食,膳食,腾食,corrected,high,批量规则修正；逐条保留上下文。
323,full,忘天天运动、 : | 积极活跃的生活和学习。 | 与腾食宝塔相比，腾食算盘在食物分类上，把蔬菜和水果分别表示，算盘有6 层， | | 用不,腾食,膳食,腾食,corrected,high,批量规则修正；逐条保留上下文。
323,full,物份量按 8-11 岁儿童能量需要量平均值大致估算。在面向儿童青少年开展腾食指南 ， | 宣传和知识传播中，通过膳食算盘可以寅教于乐，与儿童更好,腾食,膳食,腾食,corrected,high,批量规则修正；逐条保留上下文。
323,full,物份量的图形。平衡腾食算盘简单匀画了膳食结构图，给儿童 | 一个大致腾食恒式的认识。跑步的儿童身挎水壶，表达了鼓励喝白水、不忘天天运动、 :,腾食,膳食,腾食,corrected,high,批量规则修正；逐条保留上下文。
323,full,盘 (Food Guide Abacus，图 3-8 ) 是面向儿童应用腾食指南时，根据科 | 衡膳食原则转化各类食物份量的图形。平衡腾食算盘简单,腾食,膳食,腾食,corrected,high,批量规则修正；逐条保留上下文。
323,full,鼓励喝白水、不忘天天运动、 : | 积极活跃的生活和学习。 | 与腾食宝塔相比，腾食算盘在食物分类上，把蔬菜和水果分别表示，算盘有6 层，,腾食,膳食,腾食,corrected,high,批量规则修正；逐条保留上下文。
324,full,.. RUT IRR LCA SRR A 识和经验，帮助大众在生活中应用腾食指南，并不断通过实践总结经验。 (一) 膳食实践和指导原则 《中国居民腾,腾食,膳食,腾食,corrected,high,批量规则修正；逐条保留上下文。
324,full,导，主要用于几个方面; 1. 个人饮食和生活方式实践 (1 ) 设计平衡腾食，自我管理一日三餐。 | (2) 了解并实践“多吃”的食物。 (,腾食,膳食,腾食,corrected,high,批量规则修正；逐条保留上下文。
324,full,小时 民 四 图 3-8 ”中国儿童平衡膳食算盘 8 | ” 三、平衡腾食模式的应用 膳食指南的应用和实践，是把营养与健康科学知识转化为平衡腾食模,腾食,膳食,腾食,corrected,high,批量规则修正；逐条保留上下文。
324,full,少吃”的食物。 | (4) 合理运动和保持健康体重。 (5) 评价个人腾食和生活方式，逐步达到理想要求。 312 <!-- pdf-page:,腾食,膳食,腾食,corrected,high,批量规则修正；逐条保留上下文。
324,full,衡腾食模式的应用 膳食指南的应用和实践，是把营养与健康科学知识转化为平衡腾食模式的促进和 推广过程。中国居民习食指南为全体营养和健康教育工作者 、健,腾食,膳食,腾食,corrected,high,批量规则修正；逐条保留上下文。
324,full,食指南，并不断通过实践总结经验。 (一) 膳食实践和指导原则 《中国居民腾食指南 (2022 )》可作为我国居民健康生活的指导，主要用于几个方面;,腾食,膳食,腾食,corrected,high,批量规则修正；逐条保留上下文。
325,full,| (6) 特别提及的概念、新观点和措施如合理运动、能量平衡、估量食物、公策分 “ 售 ， 餐制、生态环境等。 对 实践腾食指南所但导的原则和观点,公策,公筷,公策,corrected,high,页图核对：准则八语境均为公筷；公勺搭配由 body_text_corrections 精确修正。
325,full,提倡和建议“少吃”的食物。 部 的 (4) 应注意的饮食行为和文明，公策分餐，节俭不浪费为重点。 a Y (5) 鼓励实践，培养良好饮食习惯。,公策,公筷,公策,corrected,high,页图核对：准则八语境均为公筷；公勺搭配由 body_text_corrections 精确修正。
325,full,(2 ) 发展和促进营养相关政策和标准的基础。 (3 ) 创造和发展新的腾食计算和资源的工具。 (4) 科学研究、教学、腾食管理的指导性文件。 (5,腾食,膳食,腾食,corrected,high,批量规则修正；逐条保留上下文。
325,full,(3 ) 创造和发展新的腾食计算和资源的工具。 (4) 科学研究、教学、腾食管理的指导性文件。 (5) 推动和实施全民营养周、社区健康指导、健康城市,腾食,膳食,腾食,corrected,high,批量规则修正；逐条保留上下文。
325,full,)》的指导原则，个人和群体可以检查自己的饮 | | 食。并设计每天的腾食计划。从关心和记录自己饮食开始，设定膳食改善目标，逐步 | | 达到,腾食,膳食,腾食,corrected,high,批量规则修正；逐条保留上下文。
325,full,"、合理运动、分餐制是实践营养均衡和促 指 进健康的关键环节，也是保障平衡腾食、食不过量、不浪费和饮食卫生的良好措施。 By SANE, HUN R",腾食,膳食,腾食,corrected,high,批量规则修正；逐条保留上下文。
325,full,"、能量平衡、估量食物、公策分 “ 售 ， 餐制、生态环境等。 对 实践腾食指南所但导的原则和观点，保持平衡匿食，不仅需要意识和知识,更需 BR 可",腾食,膳食,腾食,corrected,high,批量规则修正；逐条保留上下文。
325,full,"》“合理膳食行动”落实的保障。 3, 营养教育与健康促进 | 设计平衔腾食、腊食管理和评价、营养教育和健康促进是最常应用的几个方面， 膳食指南引航",腾食,膳食,腾食,corrected,high,批量规则修正；逐条保留上下文。
325,full,养目标需要。同时，一日三餐的食谱，也需要考虑口味、风味 和可接受性。因为腾食不仅是人们生理上的需求，也是一种心理的享受，这样才能既 满足营养需要，也,腾食,膳食,腾食,corrected,high,批量规则修正；逐条保留上下文。
325,full,受，这样才能既 满足营养需要，也享受食物并维持身体健康。 根据《中国居民腾食指南 (2022 )》的指导原则，个人和群体可以检查自己的饮 | |,腾食,膳食,腾食,corrected,high,批量规则修正；逐条保留上下文。
327,full,度的运动;运动消耗 | 能量至少 270kcal。 i | 注，该腾食设计是基于 1 800kcal 能量需要量水平，适用 18 岁以上轻身体,腾食,膳食,腾食,corrected,high,批量规则修正；逐条保留上下文。
329,full,分钟中等强度运动运动消耗能量至少 270kcal。 a 国 注，该腾食计划是基于 2 250kcal 能量需要量水平; 适用 18 岁以上男性,腾食,膳食,腾食,corrected,high,批量规则修正；逐条保留上下文。
330,full,"章节：第三部分 平衡膳食模式和编写说明 | | 例3 成年男性一日腾食 ( 提供能量 2 400kcal ) RE Fn | Aa gm,",腾食,膳食,腾食,corrected,high,批量规则修正；逐条保留上下文。
334,full,"> 章节：第三部分 平衡膳食模式和编写说明 | 例 5 了孕妇一日腾食 ( 提供能量 2 250kcal ) | PR, ee <a | #",腾食,膳食,腾食,corrected,high,批量规则修正；逐条保留上下文。
337,full,于女性轻身体活动 | 水平 ( 1800+500 ) kcal 而来，腾食蛋白质和脂肪分别提供能量约占 179 和 30% 。对具体乳母 | 而,腾食,膳食,腾食,corrected,high,批量规则修正；逐条保留上下文。
337,full,酒; 明 | 选择适合和适量的身体活动，注意增加三餐外的加餐。 注，该腾食方案是为乳母能量需要量 2 300kcal 而设计，这个能量水平基于女性,腾食,膳食,腾食,corrected,high,批量规则修正；逐条保留上下文。
339,full,", RORE, WGA, FER, PELEIL, TREES. 注，该腾食方案是按照能量需要量 1 200~1 300kcal 而设计，该能量需要",腾食,膳食,腾食,corrected,high,批量规则修正；逐条保留上下文。
347,full,"“— 0"" “—4"" ET, Fea ie 实践的基础上,《中国居民腾食指南 ( 2016 )》首次提出“食物标准份量”的概念，力 2 求使其",腾食,膳食,腾食,corrected,high,批量规则修正；逐条保留上下文。
347,full,见食物的份量 附录一“常见食物的份量 ， “量化”食物是理解和实践腾食指南的重要手段。学术上，我们通常用“克” “王 L 克”等单位来表达食,腾食,膳食,腾食,corrected,high,批量规则修正；逐条保留上下文。
313,tables,## 082. 表 3-5：表3-5 提供了 2 岁以上所有健康人群平衡腾食的食物组成，按照表 3-5，计算理想 | 字段 | 值 | |---|,腾食,膳食,腾食,corrected,high,批量规则修正；逐条保留上下文。
